1177555.38666, 3,   1.110, -0.506,-12.111
1177555.40681, 3,   0.893, -0.688,-12.407
1177555.42695, 3,   1.077, -0.563,-12.671
1177555.44709, 3,   1.105, -0.606,-13.297
1177555.46723, 3,   1.026, -0.713,-13.593
1177555.48737, 3,   0.858, -0.711,-12.348
1177555.50751, 3,   0.880, -0.606,-12.333
1177555.52765, 3,   0.867, -0.670,-12.773
1177555.54780, 3,   0.855, -0.723,-13.046
1177555.56794, 3,   0.888, -0.694,-13.290
1177555.58808, 3,   0.931, -0.674,-12.724
1177555.60822, 3,   0.966, -0.600,-12.458
1177555.62836, 3,   0.893, -0.685,-12.532
1177555.64850, 3,   0.997, -0.639,-12.649
1177555.66865, 3,   0.684, -0.799,-12.906
1177555.68879, 3,   0.707, -0.902,-12.504
1177555.70893, 3,   0.900, -0.721,-12.796
1177555.72907, 3,   0.883, -0.813,-13.422
1177555.74921, 3,   0.960, -0.801,-13.146
1177555.76935, 3,   0.875, -0.869,-12.998
1177555.78950, 3,   0.919, -0.767,-13.101, 4,  -0.134,  0.068, -0.034
1177555.80964, 3,   1.012, -0.635,-13.469, 4,  -0.157,  0.096, -0.032
1177555.82978, 3,   1.059, -0.499,-13.522, 4,  -0.219,  0.162, -0.034
1177555.84992, 3,   1.174, -0.434,-13.302, 4,  -0.316,  0.174, -0.046
1177555.87006, 3,   1.016, -0.435,-12.903, 4,  -0.421,  0.199, -0.061
1177555.89020, 3,   1.252, -0.260,-12.890, 4,  -0.497,  0.267, -0.062, 5,  -1.849, 23.265, 45.790
1177555.91035, 3,   1.354, -0.237,-13.034, 4,  -0.485,  0.259, -0.048, 5,  -2.235, 23.512, 44.878
1177555.93049, 3,   1.112, -0.288,-12.650, 4,  -0.506,  0.229, -0.070, 5,  -2.480, 23.880, 44.278
1177555.95063, 3,   1.271, -0.102,-12.079, 4,  -0.536,  0.144, -0.066, 5,  -1.997, 22.914, 44.514
1177555.97077, 3,   1.317, -0.088,-12.530, 4,  -0.430, -0.013, -0.045, 5,  -2.899, 22.127, 44.496
1177555.99091, 3,   1.223, -0.036,-12.771, 4,  -0.289, -0.001, -0.043, 5,  -3.343, 21.979, 44.447
1177556.01105, 3,   1.162, -0.070,-12.514, 4,  -0.278,  0.057, -0.040, 5,  -2.884, 21.748, 44.897
1177556.03119, 3,   1.136, -0.032,-11.986, 4,  -0.252,  0.028, -0.038, 5,  -2.779, 20.753, 45.981
1177556.05134, 3,   1.101, -0.045,-12.189, 4,  -0.154, -0.025, -0.020, 5,  -2.826, 20.424, 46.303
1177556.07148, 3,   1.173,  0.107,-12.680, 4,  -0.041,  0.009, -0.004, 5,  -2.554, 20.151, 45.244
1177556.09162, 3,   1.238,  0.152,-12.793, 4,  -0.006,  0.030,  0.003, 5,  -3.313, 20.078, 45.496
1177556.11176, 3,   1.232,  0.167,-12.823, 4,  -0.027,  0.007, -0.010, 5,  -3.517, 20.078, 45.628
1177556.13190, 3,   1.189,  0.162,-12.472, 4,  -0.051, -0.016, -0.013, 5,  -3.662, 19.933, 44.925
1177556.15204, 3,   1.266,  0.219,-12.384, 4,  -0.085,  0.004, -0.012, 5,  -3.104, 19.318, 45.644
1177556.17219, 3,   1.425,  0.294,-12.545, 4,  -0.056,  0.010, -0.006, 5,  -2.998, 19.214, 45.796
1177556.19233, 3,   1.240,  0.245,-12.612, 4,  -0.023,  0.039, -0.026, 5,  -2.542, 19.670, 46.539
1177556.21247, 3,   1.249,  0.310,-12.518, 4,  -0.018,  0.067, -0.040, 5,  -2.635, 19.887, 44.969
1177556.23261, 3,   1.374,  0.311,-12.670, 4,   0.022, -0.017, -0.038, 5,  -2.652, 19.905, 44.785
1177556.25275, 3,   1.317,  0.157,-13.308, 4,   0.092, -0.065, -0.038, 5,  -3.131, 20.383, 45.876
1177556.27289, 3,   1.512,  0.260,-13.254, 4,   0.114, -0.066, -0.025, 5,  -3.836, 18.098, 44.994
1177556.29304, 3,   1.126,  0.178,-12.501, 4,   0.056, -0.141, -0.030, 5,  -3.862, 18.004, 44.952
1177556.31318, 3,   0.467, -0.208,-12.953, 4,  -0.003, -0.092, -0.048, 5,  -3.529, 19.006, 45.932
1177556.33332, 3,   0.588, -0.083,-13.487, 4,   0.041,  0.068, -0.010, 5,  -3.178, 19.379, 45.305
1177556.35346, 3,   1.084,  0.057,-13.321, 4,   0.034,  0.076,  0.068, 5,  -3.171, 19.386, 45.291
1177556.37360, 3,   1.364,  0.084,-12.966, 4,   0.000, -0.035,  0.087, 5,  -2.110, 19.733, 44.930
1177556.39374, 3,   1.155, -0.029,-12.621, 4,  -0.000, -0.137,  0.054, 5,  -1.442, 19.733, 44.278
1177556.41389, 3,   1.103, -0.068,-12.456, 4,   0.015, -0.182,  0.023, 5,  -1.500, 19.760, 44.348
1177556.43403, 3,   1.051, -0.216,-12.607, 4,   0.011, -0.088,  0.024, 5,  -2.788, 20.480, 45.911
1177556.45417, 3,   1.305,  0.005,-12.499, 4,   0.027, -0.004,  0.052, 5,  -2.133, 21.461, 44.952
1177556.47431, 3,   1.543,  0.109,-13.131, 4,   0.062,  0.007,  0.083, 5,  -2.094, 21.217, 44.994
1177556.49445, 3,   1.510,  0.073,-13.633, 4,   0.110, -0.008,  0.070, 5,  -1.859, 19.489, 45.326
1177556.51459, 3,   1.138, -0.106,-12.772, 4,   0.040, -0.025,  0.021, 5,  -2.480, 20.424, 45.628
1177556.53473, 3,   1.251,  0.134,-12.123, 4,  -0.103, -0.032, -0.003, 5,  -2.571, 20.424, 45.628
1177556.55488, 3,   0.887,  0.092,-12.618, 4,  -0.076,  0.010,  0.008, 5,  -2.922, 20.323, 45.726
1177556.57502, 3,   0.947,  0.272,-13.312, 4,   0.042,  0.052, -0.012, 5,  -1.442, 19.733, 46.303
1177556.59516, 3,   1.129,  0.362,-13.257, 4,   0.078,  0.004, -0.003, 5,  -1.562, 19.672, 46.362
1177556.61530, 3,   0.839,  0.182,-12.262, 4,   0.022, -0.064, -0.009, 5,  -2.330, 19.321, 46.385
1177556.63544, 3,   0.913,  0.225,-12.129, 4,  -0.036, -0.031, -0.009, 5,  -3.171, 19.041, 45.291
1177556.65558, 3,   0.981,  0.134,-12.353, 4,   0.031,  0.046,  0.030, 5,  -2.965, 19.455, 45.628
1177556.67573, 3,   1.119,  0.212,-12.699, 4,   0.082,  0.098,  0.043, 5,  -2.266, 20.876, 46.745
1177556.69587, 3,   1.506,  0.347,-12.834, 4,   0.055,  0.135,  0.057, 5,  -2.998, 19.559, 45.459
1177556.71601, 3,   1.312,  0.185,-12.814, 4,   0.039,  0.092,  0.040, 5,  -2.863, 19.513, 45.416
1177556.73615, 3,   1.094, -0.114,-12.732, 4,   0.027,  0.069,  0.001, 5,  -2.625, 19.241, 45.433
1177556.75629, 3,   1.070, -0.097,-12.816, 4,   0.018,  0.113,  0.016, 5,  -2.998, 18.867, 45.796
1177556.77643, 3,   1.153,  0.010,-12.926, 4,   0.005,  0.164,  0.044, 5,  -2.835, 19.139, 45.212
1177556.79658, 3,   1.090, -0.091,-13.125, 4,   0.021,  0.145,  0.048, 5,  -2.704, 19.844, 44.269
1177556.81672, 3,   1.139, -0.182,-12.984, 4,   0.041,  0.052,  0.025, 5,  -3.171, 20.078, 44.952
1177556.83685, 3,   1.247, -0.217,-12.833, 4,   0.085, -0.100,  0.017, 5,  -3.050, 19.955, 45.192
1177556.85699, 3,   1.154, -0.144,-12.737, 4,   0.083, -0.159,  0.018, 5,  -3.020, 20.053, 45.316
1177556.87713, 3,   1.320, -0.222,-12.804, 4,   0.040, -0.056,  0.020, 5,  -3.343, 20.596, 44.785
1177556.89727, 3,   0.266,  0.047,-13.011, 4,   0.043,  0.006,  0.022, 5,  -3.000, 20.389, 44.852
1177556.91741, 3,  -0.148,  0.206,-13.163, 4,   0.091, -0.074,  0.008, 5,  -2.625, 20.078, 44.952
1177556.93755, 3,   2.050, -0.082,-13.068, 4,   0.102, -0.159,  0.000, 5,  -2.826, 20.078, 44.952
1177556.95770, 3,   1.332, -0.109,-13.326, 4,   0.058, -0.127,  0.014, 5,  -3.134, 20.845, 45.703
1177556.97784, 3,   1.020, -0.115,-13.365, 4,   0.003, -0.004, -0.026, 5,  -2.803, 21.249, 45.789
1177556.99798, 3,   1.112, -0.030,-12.697, 4,  -0.075,  0.001, -0.047, 5,  -1.961, 20.596, 44.785
1177557.01812, 3,   1.042, -0.031,-12.462, 4,  -0.114, -0.060, -0.040, 5,  -1.622, 20.935, 45.447
1177557.03826, 3,   0.888, -0.133,-12.382, 4,  -0.050, -0.078, -0.044, 5,  -1.796, 21.461, 45.622
1177557.05840, 3,   0.816, -0.180,-12.564, 4,   0.038, -0.105, -0.042, 5,  -2.307, 21.634, 45.122
1177557.07854, 3,   0.887, -0.167,-12.936, 4,   0.107, -0.095, -0.022, 5,  -1.938, 21.634, 45.665
1177557.09869, 3,   0.948, -0.135,-13.191, 4,   0.122, -0.090, -0.010, 5,  -1.425, 21.442, 45.763
1177557.11883, 3,   0.799, -0.222,-13.061, 4,   0.042, -0.070, -0.037, 5,  -1.270, 21.288, 45.459
1177557.13897, 3,   0.777, -0.268,-12.511, 4,  -0.080, -0.059, -0.076, 5,  -1.872, 21.288, 45.068
1177557.15911, 3,   0.967, -0.197,-12.953, 4,  -0.116, -0.073, -0.085, 5,  -2.101, 21.906, 44.986
1177557.17925, 3,   0.943, -0.247,-13.460, 4,  -0.094,  0.059, -0.090, 5,  -1.961, 22.325, 45.122
1177557.19939, 3,   0.971, -0.180,-12.658, 4,  -0.201,  0.198, -0.108, 5,  -1.961, 21.027, 45.969
1177557.21954, 3,   0.833, -0.191,-12.282, 4,  -0.334,  0.194, -0.121, 5,  -2.856, 19.579, 44.943
1177557.23968, 3,   0.698, -0.214,-12.489, 4,  -0.289,  0.165, -0.138, 5,  -3.343, 19.214, 44.109
1177557.25982, 3,   0.653, -0.235,-12.584, 4,  -0.171,  0.088, -0.140, 5,  -2.174, 19.214, 45.480
1177557.27996, 3,   0.267, -0.282,-12.741, 4,  -0.136,  0.085, -0.149, 5,  -1.985, 19.829, 45.534
1177557.30010, 3,   0.350, -0.175,-12.106, 4,  -0.248,  0.211, -0.143, 5,  -2.133, 20.078, 45.291
1177557.32024, 3,   0.514, -0.114,-12.522, 4,  -0.304,  0.275, -0.105, 5,  -3.499, 19.850, 45.958
1177557.34039, 3,   0.829,  0.134,-12.788, 4,  -0.276,  0.436, -0.070, 5,  -3.114, 19.366, 45.709
1177557.36053, 3,   1.190,  0.368,-12.318, 4,  -0.269,  0.384, -0.019, 5,  -2.652, 19.214, 45.459
1177557.38067, 3,   1.288,  0.443,-12.035, 4,  -0.175,  0.159, -0.013, 5,  -4.492, 18.950, 46.230
1177557.40081, 3,   1.458,  0.360,-11.704, 4,   0.008, -0.059, -0.046, 5,  -4.269, 18.867, 45.688
1177557.42095, 3,   1.456,  0.231,-12.327, 4,   0.215, -0.189, -0.081, 5,  -4.036, 18.867, 45.459
1177557.44109, 3,   0.710, -0.081,-13.025, 4,   0.296, -0.050, -0.121, 5,  -5.011, 19.563, 46.411
1177557.46124, 3,   1.072,  0.272,-12.811, 4,   0.249,  0.059, -0.166, 5,  -5.244, 19.165, 45.811
1177557.48138, 3,   1.204, -0.059,-11.709, 4,   0.192, -0.037, -0.221, 5,  -5.244, 19.041, 45.628
1177557.50152, 3,   0.745, -0.765,-11.430, 4,   0.157, -0.197, -0.311, 5,  -3.914, 18.300, 46.062
1177557.52166, 3,   0.171, -0.749,-10.712, 4,   0.191, -0.268, -0.345, 5,  -3.540, 18.326, 45.103
1177557.54180, 3,  -0.110, -0.705,-10.490, 4,   0.202, -0.308, -0.338, 5,  -3.517, 18.349, 44.952
1177557.56194, 3,  -0.184, -0.539, -9.955, 4,   0.249, -0.450, -0.311, 5,  -4.910, 19.432, 44.803
1177557.58208, 3,  -0.677, -0.708, -8.837, 4,   0.345, -0.812, -0.325, 5,  -2.328, 20.688, 46.204
1177557.60223, 3,  -1.538, -1.590, -9.481, 4,   0.588, -1.110, -0.375, 5,  -2.133, 20.769, 46.303
1177557.62237, 3,  -1.555, -1.373,-11.393, 4,   0.893, -0.965, -0.375, 5,  -3.610, 18.964, 45.824
1177557.64251, 3,  -1.214, -1.252,-12.725, 4,   0.828, -0.695, -0.200, 5,  -2.866, 20.354, 45.636
1177557.66265, 3,  -1.188, -1.288,-12.225, 4,   0.579, -0.804, -0.061, 5,  -2.826, 20.424, 45.628
1177557.68279, 3,  -1.002, -1.358,-11.126
1177557.70293, 3,   0.195, -0.775, -9.320, 4,   0.065, -1.624,  0.220, 5,  -0.755, 24.217, 43.945
1177557.72308, 3,  -0.218, -0.605,-10.763, 4,   0.230, -2.057,  0.289, 5,  -0.706, 24.191, 43.985
1177557.74322, 3,  -1.195, -0.907,-13.904, 4,   0.392, -1.502,  0.254, 5,   2.243, 21.983, 46.745
1177557.76336, 3,  -1.749, -1.094,-15.223, 4,   0.133, -0.795,  0.277, 5,   4.089, 22.153, 44.615
1177557.78350, 3,  -0.847, -0.296,-14.533, 4,  -0.370, -0.669,  0.345, 5,   4.146, 22.238, 44.730
1177557.80364, 3,  -0.158,  0.344,-12.652, 4,  -0.792, -0.741,  0.507, 5,   4.956, 23.238, 45.992
1177557.82378, 3,   1.152,  1.794,-11.671, 4,  -1.066, -0.763,  0.573, 5,   7.201, 23.880, 46.303
1177557.84393, 3,  -0.636,  1.438,-12.942, 4,  -1.050, -0.475,  0.409, 5,   7.381, 23.698, 46.339
1177557.86407, 3,  -2.268,  0.938,-14.070, 4,  -0.802, -0.138,  0.159, 5,   9.076, 21.877, 46.828
1177557.88421, 3,  -1.854,  1.150,-14.102, 4,  -0.624, -0.056,  0.192, 5,  10.138, 19.905, 48.160
1177557.90435, 3,  -0.609,  1.819,-15.092, 4,  -0.534,  0.017,  0.414, 5,   9.981, 19.957, 48.007
1177557.92449, 3,  -0.211,  1.931,-15.865, 4,  -0.427,  0.281,  0.547, 5,   9.129, 20.107, 46.895
1177557.94463, 3,  -0.684,  1.690,-15.235, 4,  -0.454,  0.417,  0.482, 5,   9.274, 19.386, 45.628
1177557.96478, 3,  -1.333,  1.432,-14.366, 4,  -0.539,  0.398,  0.383, 5,   9.210, 19.322, 46.060
1177557.98492, 3,  -0.973,  1.648,-14.119, 4,  -0.386,  0.207,  0.357, 5,   9.056, 18.758, 47.916
1177558.00506, 3,  -0.858,  1.561,-13.701, 4,  -0.099, -0.054,  0.393, 5,   9.793, 17.140, 47.484
1177558.02520, 3,  -0.703,  1.550,-14.153, 4,   0.034, -0.100,  0.356, 5,   9.584, 17.264, 47.525
1177558.04534, 3,  -0.970,  1.439,-14.962, 4,   0.101,  0.046,  0.302, 5,   9.280, 17.746, 47.913
1177558.06548, 3,  -0.823,  1.556,-14.352, 4,   0.020,  0.142,  0.232, 5,  10.312, 18.004, 48.665
1177558.08562, 3,  -0.793,  1.580,-12.790, 4,  -0.166,  0.089,  0.194, 5,   9.662, 18.253, 48.325
1177558.10577, 3,  -0.831,  1.493,-12.033, 4,  -0.190, -0.032,  0.134, 5,   8.630, 18.712, 47.133
1177558.12591, 3,  -0.825,  1.392,-13.217, 4,   0.070, -0.117,  0.057, 5,   9.966, 18.349, 46.303
1177558.14605, 3,  -0.917,  1.221,-14.427, 4,   0.354, -0.078, -0.029, 5,   9.966, 18.120, 46.971
1177558.16619, 3,  -1.207,  0.991,-14.305, 4,   0.311,  0.048, -0.084, 5,  10.146, 18.199, 48.035
1177558.18633, 3,  -1.455,  0.827,-13.406, 4,   0.041,  0.197, -0.110, 5,  10.484, 19.214, 47.484
1177558.20647, 3,  -1.502,  0.757,-12.625, 4,  -0.166,  0.326, -0.103, 5,  10.808, 18.242, 47.801
1177558.22662, 3,  -1.420,  0.727,-12.179, 4,  -0.113,  0.287, -0.081, 5,  11.012, 17.494, 47.739
1177558.24676, 3,  -1.403,  0.657,-12.762, 4,   0.142,  0.130, -0.073, 5,  10.484, 18.867, 46.809
1177558.26690, 3,  -1.068,  0.538,-13.716, 4,   0.419, -0.017, -0.072, 5,  10.411, 18.646, 47.025
1177558.28704, 3,  -1.056,  0.391,-14.232, 4,   0.468, -0.027, -0.082, 5,   9.627, 19.032, 46.945
1177558.30718, 3,  -1.173,  0.374,-13.578, 4,   0.213,  0.168, -0.116, 5,   8.755, 19.905, 46.472
1177558.32732, 3,  -1.026,  0.435,-12.402, 4,  -0.097,  0.327, -0.121, 5,   8.755, 20.064, 46.629
1177558.34747, 3,  -1.009,  0.411,-12.060, 4,  -0.180,  0.354, -0.112, 5,   8.424, 20.085, 47.293
1177558.36761, 3,  -1.002,  0.301,-12.603, 4,   0.007,  0.294, -0.118, 5,   8.064, 19.905, 47.821
1177558.38775, 3,  -0.957,  0.151,-13.427, 4,   0.287,  0.139, -0.110, 5,   8.240, 20.081, 46.964
1177558.40789, 3,  -0.789,  0.240,-14.362, 4,   0.433,  0.040, -0.084, 5,   7.686, 20.973, 46.312
1177558.42803, 3,  -0.707,  0.465,-14.631, 4,   0.284,  0.171, -0.046, 5,   7.027, 21.634, 46.472
1177558.44817, 3,  -0.734,  0.617,-13.530, 4,  -0.086,  0.395, -0.036, 5,   8.174, 21.059, 45.912
1177558.46832, 3,  -0.758,  0.805,-12.339, 4,  -0.378,  0.460, -0.039, 5,   7.919, 20.793, 47.382
1177558.48846, 3,  -0.630,  0.970,-11.982, 4,  -0.370,  0.408, -0.029, 5,   7.027, 20.943, 48.834
1177558.50860, 3,  -0.062,  1.251,-12.523, 4,  -0.125,  0.290, -0.009, 5,   6.819, 20.943, 47.626
1177558.52874, 3,   0.065,  1.201,-13.418, 4,   0.122,  0.199, -0.012, 5,   6.461, 20.282, 46.381
1177558.54888, 3,  -0.354,  0.852,-14.287, 4,   0.238,  0.128, -0.087, 5,   6.335, 19.905, 46.133
1177558.56902, 3,  -0.633,  0.632,-14.245, 4,   0.235,  0.103, -0.129, 5,   5.557, 20.682, 46.243
1177558.58916, 3,  -0.340,  0.786,-13.172, 4,  -0.001,  0.182, -0.093, 5,   5.353, 19.972, 46.303
1177558.60931, 3,  -0.245,  0.715,-12.598, 4,  -0.232,  0.288, -0.058, 5,   5.472, 19.386, 46.303
1177558.62945, 3,  -0.354,  0.454,-13.063, 4,  -0.183,  0.214, -0.058, 5,   5.695, 20.955, 46.523
1177558.64959, 3,  -0.403,  0.395,-13.374, 4,  -0.044,  0.110, -0.056, 5,   6.290, 21.097, 46.870
1177558.66973, 3,  -0.437,  0.349,-12.729, 4,  -0.073,  0.129, -0.024, 5,   6.509, 20.769, 46.977
1177558.68987, 3,  -0.502,  0.422,-11.925, 4,  -0.154,  0.163, -0.018, 5,   5.370, 20.895, 47.350
1177558.71001, 3,  -0.230,  0.667,-11.938, 4,  -0.065,  0.121, -0.020, 5,   5.211, 21.716, 46.475
1177558.73016, 3,  -0.208,  0.687,-12.969, 4,   0.176,  0.015, -0.034, 5,   5.299, 21.979, 46.133
1177558.75030, 3,  -0.474,  0.426,-13.678, 4,   0.384, -0.142, -0.096, 5,   5.426, 20.824, 44.757
1177558.77044, 3,  -0.536,  0.587,-13.351, 4,   0.330, -0.088, -0.121, 5,   4.512, 20.834, 46.819
1177558.79058, 3,  -0.156,  0.821,-13.634, 4,   0.128,  0.148,  0.006, 5,   4.262, 20.943, 47.484
1177558.81072, 3,  -0.174,  0.675,-12.058, 4,   0.007,  0.247,  0.066, 5,   3.835, 21.652, 47.069
1177558.83086, 3,   0.511,  0.918,-13.303, 4,  -0.124,  0.224,  0.048, 5,   3.743, 21.806, 46.408
1177558.85101, 3,  -0.063,  0.523,-13.586, 4,   0.036,  0.154,  0.020, 5,   3.743, 21.806, 46.303
1177558.87115, 3,  -0.234,  0.458,-12.734, 4,  -0.073,  0.146, -0.044, 5,   3.291, 21.655, 45.572
1177558.89129, 3,  -0.332,  0.394,-12.449, 4,  -0.130,  0.067, -0.016, 5,   3.224, 22.266, 45.459
1177558.91143, 3,  -0.879,  0.356,-12.644, 4,  -0.067,  0.030,  0.000, 5,   3.224, 22.325, 45.459
1177558.93157, 3,  -0.590,  0.612,-12.322, 4,  -0.061,  0.104,  0.008, 5,   3.543, 22.961, 45.770
1177558.95171, 3,  -0.135,  0.529,-11.999, 4,  -0.084,  0.025,  0.001, 5,   3.250, 21.423, 44.243
1177558.97186, 3,   0.204,  0.639,-12.365, 4,  -0.046, -0.013, -0.054, 5,   3.224, 21.288, 44.109
1177558.99200, 3,  -0.339,  0.147,-13.012, 4,   0.049, -0.035, -0.030, 5,   3.732, 20.099, 46.924
1177559.01214, 3,  -0.558,  0.388,-12.648, 4,   0.066, -0.113, -0.027, 5,   3.909, 22.928, 45.833
1177559.03228, 3,  -0.313,  0.454,-12.721, 4,   0.010, -0.178, -0.019, 5,   3.915, 23.016, 45.796
1177559.05242, 3,   0.270,  0.824,-12.451, 4,  -0.024, -0.162,  0.125, 5,   3.226, 21.288, 45.125
1177559.07256, 3,  -0.337,  0.652,-12.989, 4,   0.090,  0.056,  0.168, 5,   4.434, 21.461, 46.303
1177559.09270, 3,  -0.059,  0.367,-12.895, 4,   0.168,  0.128,  0.126, 5,   4.414, 21.480, 46.284
1177559.11285, 3,   0.402,  0.774,-12.432, 4,   0.038,  0.048,  0.170, 5,   4.089, 21.790, 45.901
1177559.13299, 3,  -0.398,  0.691,-13.537, 4,  -0.158,  0.188,  0.091, 5,   4.089, 21.461, 44.615
1177559.15313, 3,  -0.214,  0.685,-11.732, 4,  -0.184,  0.063,  0.003, 5,   4.063, 21.538, 44.740
1177559.17327, 3,  -0.412,  0.326,-11.857, 4,   0.316, -0.801,  0.019, 5,   3.857, 22.314, 46.384
1177559.19341, 3,  -0.749,  0.378,-12.973, 4,   0.637, -1.015,  0.039, 5,   4.953, 20.596, 47.147
1177559.21355, 3,  -0.664,  0.111,-14.312, 4,   0.708, -0.648,  0.013, 5,   4.994, 20.721, 46.983
1177559.23370, 3,  -0.633, -0.070,-14.131, 4,   0.566,  0.220, -0.051, 5,   5.322, 21.890, 45.683
1177559.25384, 3,  -0.565,  0.142,-13.873, 4,   0.040,  0.417, -0.009, 5,   5.472, 23.535, 44.952
1177559.27398, 3,  -0.643, -0.002,-15.080, 4,  -0.154,  0.280, -0.032, 5,   5.635, 23.479, 44.952
1177559.29412, 3,  -0.246, -0.217,-14.290, 4,  -0.022,  0.247, -0.014, 5,   6.410, 23.285, 44.810
1177559.31426, 3,   0.201,  0.131,-12.943, 4,  -0.023,  0.226,  0.070, 5,   5.817, 23.880, 43.941
1177559.33440, 3,  -0.333,  0.255,-12.332, 4,  -0.004, -0.120, -0.005, 5,   5.890, 24.103, 44.014
1177559.35455, 3,  -0.318,  0.216,-12.509, 4,   0.083, -0.098, -0.118, 5,   5.952, 24.875, 44.237
1177559.37469, 3,  -0.437,  0.024,-12.625, 4,   0.160,  0.022, -0.185, 5,   5.299, 24.745, 44.109
1177559.39483, 3,  -0.368,  0.061,-12.776, 4,   0.081,  0.098, -0.185, 5,   5.190, 24.582, 44.215
1177559.41497, 3,  -0.191, -0.051,-12.990, 4,  -0.074,  0.221, -0.074, 5,   4.839, 23.753, 44.740
1177559.43511, 3,   0.110,  0.102,-13.070, 4,  -0.200,  0.393,  0.022, 5,   5.472, 23.880, 44.615
1177559.45525, 3,   0.033,  0.014,-13.078, 4,  -0.255,  0.449,  0.025, 5,   5.522, 24.036, 44.870
1177559.47540, 3,   0.030,  0.119,-12.967, 4,  -0.131,  0.317, -0.035, 5,   5.315, 24.071, 44.926
1177559.49554, 3,  -0.011,  0.119,-12.812, 4,   0.060,  0.072, -0.057, 5,   4.607, 23.363, 43.771
1177559.51568, 3,  -0.036,  0.256,-12.882, 4,   0.063,  0.045, -0.065, 5,   4.073, 23.657, 44.293
1177559.53582, 3,   0.058,  0.303,-12.952, 4,   0.074,  0.027, -0.023, 5,   3.746, 24.036, 44.736
1177559.55596, 3,  -0.037,  0.134,-13.104, 4,   0.071,  0.045,  0.018, 5,   4.953, 23.708, 43.771
1177559.57610, 3,   0.019, -0.020,-13.116, 4,   0.053,  0.100,  0.013, 5,   4.480, 23.909, 43.707
1177559.59624, 3,   0.071,  0.023,-12.961, 4,   0.018,  0.094,  0.021, 5,   3.180, 23.944, 43.741
1177559.61639, 3,   0.054,  0.128,-12.824, 4,   0.007,  0.063,  0.055, 5,   2.361, 23.535, 43.941
1177559.63653, 3,   0.147,  0.196,-12.982, 4,   0.032,  0.077,  0.065, 5,   3.510, 24.071, 43.716
1177559.65667, 3,   0.135,  0.199,-13.061, 4,   0.056,  0.089,  0.067, 5,   4.555, 24.188, 44.133
1177559.67681, 3,   0.019,  0.120,-13.025, 4,   0.026,  0.054,  0.050, 5,   4.089, 23.535, 44.952
1177559.69695, 3,  -0.059,  0.047,-12.950, 4,  -0.016,  0.015,  0.022, 5,   3.102, 23.698, 44.472
1177559.71709, 3,  -0.015,  0.107,-12.887, 4,  -0.040, -0.017,  0.003, 5,   2.434, 24.300, 44.188
1177559.73724, 3,   0.097,  0.232,-12.952, 4,  -0.046, -0.054,  0.015, 5,   2.879, 24.745, 44.447
1177559.75738, 3,   0.053,  0.185,-12.944, 4,  -0.044, -0.078,  0.055, 5,   2.971, 24.283, 44.897
1177559.77752, 3,  -0.082,  0.105,-12.906, 4,  -0.051, -0.096,  0.078, 5,   2.959, 23.973, 44.658
1177559.79766, 3,  -0.083,  0.091,-12.892, 4,  -0.045, -0.094,  0.074, 5,   2.879, 24.054, 44.109
1177559.81780, 3,   0.021,  0.049,-12.888, 4,  -0.019, -0.066,  0.054, 5,   3.366, 23.759, 43.823
1177559.83794, 3,   0.054,  0.145,-12.896, 4,   0.002, -0.040,  0.032, 5,   3.951, 23.535, 44.621
1177559.85809, 3,   0.086,  0.250,-12.880, 4,   0.011, -0.022,  0.030, 5,   4.089, 23.535, 45.291
1177559.87823, 3,  -0.030,  0.129,-13.014, 4,   0.018, -0.009,  0.043, 5,   4.616, 23.640, 44.777
1177559.89837, 3,  -0.006,  0.115,-13.019, 4,   0.017,  0.009,  0.036, 5,   4.845, 24.464, 44.977
1177559.91851, 3,   0.004,  0.084,-12.917, 4,   0.004,  0.020,  0.020, 5,   4.781, 24.918, 45.291
1177559.93865, 3,  -0.059,  0.082,-12.896, 4,  -0.011,  0.021,  0.004, 5,   5.220, 24.257, 45.506
1177559.95879, 3,  -0.035,  0.104,-12.871, 4,  -0.004,  0.023,  0.005, 5,   4.900, 23.994, 44.402
1177559.97894, 3,   0.039,  0.151,-12.876, 4,   0.006,  0.031,  0.011, 5,   4.607, 24.054, 43.771
1177559.99908, 3,   0.025,  0.172,-12.856, 4,   0.006,  0.041,  0.011, 5,   4.243, 24.174, 44.600
1177560.01922, 3,   0.125,  0.144,-12.650, 4,   0.005,  0.052,  0.010, 5,   4.089, 23.978, 44.470
1177560.03936, 3,   0.201,  0.220,-12.554, 4,  -0.007,  0.046,  0.016, 5,   4.089, 23.880, 44.278
1177560.05950, 3,  -0.071,  0.160,-13.190, 4,  -0.023,  0.026,  0.023, 5,   4.460, 24.251, 45.609
1177560.07964, 3,  -0.233,  0.105,-13.464, 4,  -0.013,  0.008,  0.010, 5,   4.607, 23.608, 45.107
1177560.09978, 3,   0.395,  0.291,-12.498, 4,  -0.001, -0.015, -0.015, 5,   4.607, 23.363, 44.785
1177560.11993, 3,   0.229,  0.142,-12.810, 4,  -0.025, -0.008, -0.008, 5,   3.099, 23.772, 45.187
1177560.14007, 3,  -0.105,  0.290,-12.908, 4,  -0.029, -0.015,  0.001, 5,   3.827, 24.442, 43.375
1177560.16021, 3,  -0.187,  0.073,-13.406, 4,  -0.039, -0.016, -0.002, 5,   4.089, 24.573, 42.928
1177560.18035, 3,   0.336,  0.069,-12.690, 4,   0.030, -0.172, -0.039, 5,   3.510, 24.283, 43.776
1177560.20049, 3,  -1.187,  0.932,-13.223, 4,  -0.009, -0.037, -0.017, 5,   5.611, 24.078, 44.084
1177560.22063, 3,   0.212,  0.063,-13.116, 4,  -0.017, -0.042, -0.023, 5,   5.991, 24.054, 44.109
1177560.24078, 3,  -0.077,  0.156,-12.955, 4,  -0.037, -0.173, -0.002, 5,   4.448, 24.054, 43.507
1177560.26092, 3,  -0.105,  0.156,-12.947, 4,  -0.025, -0.009,  0.003, 5,   3.490, 23.590, 44.490
1177560.28106, 3,  -0.086,  0.220,-12.933, 4,  -0.028,  0.011,  0.010, 5,   3.398, 23.535, 44.615
1177560.30120, 3,  -0.072,  0.216,-12.799, 4,  -0.031,  0.015,  0.017, 5,   3.879, 23.053, 44.460
1177560.32134, 3,  -0.025,  0.141,-12.890, 4,  -0.031,  0.018,  0.010, 5,   3.752, 25.139, 43.651
1177560.34148, 3,  -0.069,  0.176,-12.905, 4,  -0.037,  0.041,  0.005, 5,   3.743, 25.264, 43.604
1177560.36163, 3,  -0.125,  0.156,-12.886, 4,  -0.039,  0.046,  0.014, 5,   5.257, 23.077, 44.753
1177560.38177, 3,  -0.361,  0.210,-13.762, 4,  -0.031,  0.096,  0.039, 5,   4.103, 23.186, 43.285
1177560.40191, 3,   0.468,  0.320,-13.690, 4,   0.024,  0.081,  0.049, 5,   4.089, 23.189, 43.265
1177560.42205, 3,   0.103,  0.345,-12.941, 4,  -0.023,  0.109,  0.071, 5,   4.262, 22.681, 44.104
1177560.44219, 3,   0.022,  0.236,-13.017, 4,  -0.076,  0.072,  0.020, 5,   4.262, 23.363, 43.771
1177560.46233, 3,   0.027,  0.262,-12.919, 4,  -0.030,  0.036, -0.002, 5,   4.269, 23.386, 43.826
1177560.48248, 3,   0.025,  0.221,-12.907, 4,  -0.029,  0.022, -0.006, 5,   4.424, 23.848, 44.923
1177560.50262, 3,  -0.037,  0.237,-12.790, 4,  -0.027,  0.016,  0.005, 5,   4.262, 23.363, 44.447
1177560.52276, 3,  -0.337,  0.221,-11.880, 4,  -0.027,  0.017,  0.017, 5,   4.152, 23.439, 44.373
1177560.54290, 3,   0.109,  0.374,-13.941, 4,   0.011,  0.041,  0.025, 5,   3.204, 24.072, 43.625
1177560.56304, 3,  -0.477, -0.863,-19.049, 4,   0.292,  0.130,  0.062, 5,   4.262, 23.016, 43.771
1177560.58318, 3,   1.018, -0.136,-13.170, 4,   0.442, -0.219,  0.183, 5,   4.214, 23.062, 43.771
1177560.60332, 3,   0.007,  0.147,-12.883, 4,  -0.005,  0.074,  0.159, 5,   4.024, 23.636, 43.825
1177560.62347, 3,  -0.004,  0.142,-12.951, 4,  -0.002,  0.002,  0.001, 5,   4.607, 25.090, 44.109
1177560.64361, 3,   0.010,  0.148,-12.936, 4,  -0.001,  0.000,  0.002, 5,   4.541, 24.896, 44.173
1177560.66375, 3,   0.081,  0.162,-12.885, 4,  -0.001,  0.001,  0.001, 5,   4.195, 23.790, 44.319
1177560.68389, 3,   0.272,  0.140,-12.955, 4,  -0.001,  0.000, -0.001, 5,   3.915, 22.670, 43.771
1177560.70403, 3,   0.064,  0.254,-12.897, 4,  -0.001, -0.000, -0.009, 5,   4.147, 23.006, 43.848
1177560.72417, 3,   0.208,  0.394,-12.934, 4,   0.000, -0.000, -0.027, 5,   5.058, 24.835, 44.118
1177560.74432, 3,  -0.041, -0.016,-12.918, 4,   0.000,  0.002, -0.057, 5,   3.743, 24.573, 43.604
1177560.76446, 3,   0.032,  0.148,-12.915, 4,   0.000,  0.001, -0.126, 5,   3.972, 24.342, 43.739
1177560.78460, 3,   0.009,  0.141,-12.938, 4,  -0.000, -0.002, -0.073, 5,   4.752, 23.950, 43.967
1177560.80474, 3,   0.044,  0.165,-12.930, 4,   0.001, -0.003, -0.009, 5,   5.125, 24.573, 43.604
1177560.82488, 3,   0.072,  0.152,-12.886, 4,  -0.001, -0.000, -0.000, 5,   4.749, 24.411, 43.866
1177560.84502, 3,   0.064,  0.136,-12.897, 4,   0.000,  0.002,  0.000, 5,   4.263, 24.170, 44.334
1177560.86517, 3,   0.024,  0.132,-12.917, 4,   0.001,  0.001,  0.001, 5,   4.953, 24.399, 44.109
1177560.88531, 3,   0.016,  0.128,-12.901, 4,   0.001, -0.000,  0.001, 5,   4.578, 24.399, 44.232
1177560.90545, 3,   0.017,  0.147,-12.923, 4,  -0.000, -0.001,  0.001, 5,   4.242, 24.986, 44.257
1177560.92559, 3,   0.027,  0.161,-12.918, 4,  -0.000, -0.001,  0.001, 5,   4.781, 25.955, 43.941
1177560.94573, 3,   0.023,  0.142,-12.934, 4,  -0.001,  0.000,  0.001, 5,   4.849, 25.328, 44.281
1177560.96587, 3,   0.035,  0.155,-12.909, 4,  -0.000,  0.000,  0.001, 5,   5.101, 24.249, 44.785
1177560.98602, 3,   0.035,  0.165,-12.878, 4,   0.000, -0.000,  0.000, 5,   5.299, 24.054, 44.785
1177561.00616, 3,   0.030,  0.169,-12.919, 4,   0.000, -0.001,  0.000, 5,   5.064, 24.443, 44.861
1177561.02630, 3,   0.022,  0.155,-12.895, 4,  -0.001, -0.000,  0.001, 5,   4.858, 24.214, 44.725
1177561.04644, 3,   0.048,  0.139,-12.872, 4,  -0.001, -0.001,  0.001, 5,   4.953, 23.363, 44.447
1177561.06658, 3,   0.052,  0.150,-12.883, 4,  -0.000, -0.000,  0.001, 5,   3.656, 23.621, 44.026
1177561.08672, 3,   0.028,  0.176,-12.908, 4,  -0.000, -0.001,  0.000, 5,   2.882, 23.880, 43.434
1177561.10686, 3,   0.022,  0.190,-12.912, 4,  -0.000, -0.001, -0.000, 5,   3.398, 23.880, 43.265
1177561.12701, 3,   0.029,  0.165,-12.879, 4,  -0.000, -0.000,  0.000, 5,   4.138, 24.065, 42.905
1177561.14715, 3,   0.051,  0.174,-12.871, 4,   0.001, -0.001,  0.000, 5,   4.292, 23.347, 43.639
1177561.16729, 3,   0.042,  0.167,-12.894, 4,   0.001, -0.001,  0.000, 5,   3.915, 22.670, 44.447
1177561.18743, 3,   0.032,  0.169,-12.921, 4,  -0.000, -0.001,  0.001, 5,   3.716, 23.866, 44.447
1177561.20757, 3,   0.031,  0.160,-12.908, 4,  -0.001, -0.000,  0.001, 5,   3.775, 24.333, 43.645
1177561.22771, 3,   0.019,  0.138,-12.897, 4,   0.000, -0.001,  0.000, 5,   3.915, 24.054, 43.097
1177561.24786, 3,   0.030,  0.116,-12.930, 4,  -0.000, -0.001,  0.001, 5,   3.804, 24.387, 43.423
1177561.26800, 3,   0.026,  0.145,-12.955, 4,   0.000,  0.001,  0.000, 5,   4.079, 24.236, 43.056
1177561.28814, 3,   0.024,  0.159,-12.939, 4,  -0.000,  0.001,  0.000, 5,   4.262, 24.054, 42.760
1177561.30828, 3,   0.033,  0.152,-12.924, 4,  -0.001, -0.000,  0.000, 5,   4.724, 23.128, 44.116
1177561.32842, 3,   0.046,  0.134,-12.936, 4,  -0.001, -0.001,  0.001, 5,   4.005, 22.433, 44.322
1177561.34856, 3,   0.034,  0.143,-12.932, 4,  -0.001, -0.002,  0.001, 5,   3.571, 22.325, 44.109
1177561.36871, 3,   0.101,  0.163,-12.913, 4,  -0.001,  0.000,  0.001, 5,   3.690, 24.121, 44.695
1177561.38885, 3,  -0.042,  0.166,-12.950, 4,  -0.001, -0.002, -0.000, 5,   4.247, 24.918, 44.461
1177561.40899, 3,  -0.080,  0.196,-12.959, 4,  -0.001, -0.003, -0.001, 5,   4.434, 24.918, 44.278
1177561.42913, 3,  -0.002,  0.177,-12.922, 4,   0.000, -0.002,  0.003, 5,   4.172, 24.130, 44.534
1177561.44927, 3,   0.040,  0.119,-12.915, 4,  -0.002,  0.002,  0.003, 5,   4.555, 23.413, 44.844
1177561.46941, 3,   0.175,  0.080,-12.919, 4,  -0.001,  0.004,  0.001, 5,   4.781, 23.189, 44.952
1177561.48956, 3,   0.089,  0.149,-12.898, 4,  -0.001,  0.003,  0.003, 5,   4.506, 24.281, 43.620
1177561.50970, 3,  -0.064,  0.173,-12.885, 4,   0.000, -0.001,  0.000, 5,   3.302, 24.854, 44.095
1177561.52984, 3,  -0.031,  0.191,-12.880, 4,  -0.000, -0.004, -0.001, 5,   3.052, 24.918, 44.278
1177561.54998, 3,   0.020,  0.157,-12.906, 4,   0.000, -0.002, -0.000, 5,   4.530, 24.918, 44.568
1177561.57012, 3,   0.060,  0.140,-12.935, 4,  -0.001, -0.000,  0.002, 5,   4.034, 24.768, 44.179
1177561.59026, 3,   0.107,  0.156,-12.894, 4,  -0.001,  0.001, -0.001, 5,   3.915, 24.745, 44.109
1177561.61040, 3,   0.032,  0.139,-12.910, 4,   0.000, -0.001, -0.000, 5,   3.761, 23.973, 44.562
1177561.63055, 3,  -0.009,  0.154,-12.957, 4,   0.001, -0.004, -0.001, 5,   5.470, 23.723, 44.464
1177561.65069, 3,  -0.002,  0.160,-12.955, 4,   0.001, -0.002, -0.000, 5,   5.644, 23.708, 44.447
1177561.67083, 3,   0.032,  0.174,-12.905, 4,   0.000, -0.002, -0.000, 5,   4.346, 22.733, 44.130
1177561.69097, 3,   0.062,  0.172,-12.949, 4,   0.001, -0.000,  0.001, 5,   4.097, 24.152, 44.592
1177561.71111, 3,   0.037,  0.165,-12.913, 4,   0.000, -0.003, -0.001, 5,   4.089, 24.226, 44.615
1177561.73125, 3,   0.020,  0.118,-12.976, 4,   0.000, -0.002,  0.001, 5,   4.427, 24.226, 42.964
1177561.75140, 3,  -0.004,  0.090,-12.895, 4,  -0.002, -0.001, -0.000, 5,   4.434, 23.201, 44.595
1177561.77154, 3,  -0.014,  0.158,-12.864, 4,   0.001, -0.002, -0.000, 5,   4.440, 23.198, 44.618
1177561.79168, 3,   0.074,  0.150,-12.854, 4,  -0.001, -0.002, -0.000, 5,   4.944, 24.008, 44.759
1177561.81182, 3,   0.062,  0.181,-12.938, 4,   0.000, -0.002, -0.000, 5,   4.607, 22.325, 43.771
1177561.83196, 3,   0.091,  0.123,-12.855, 4,  -0.001, -0.003, -0.000, 5,   4.578, 22.469, 43.819
1177561.85210, 3,   0.029,  0.099,-12.995, 4,  -0.001, -0.008, -0.000, 5,   4.050, 24.878, 44.603
1177561.87225, 3,   0.046,  0.109,-12.904, 4,  -0.001, -0.008,  0.000, 5,   3.571, 24.399, 44.447
1177561.89239, 3,   0.008,  0.158,-12.872, 4,   0.001, -0.008, -0.003, 5,   3.516, 24.309, 44.360
1177561.91253, 3,   0.003,  0.163,-12.877, 4,   0.001, -0.008, -0.003, 5,   3.102, 23.636, 43.852
1177561.93267, 3,   0.070,  0.193,-12.919, 4,  -0.001, -0.009, -0.003, 5,   3.398, 24.226, 45.291
1177561.95281, 3,   0.049,  0.191,-12.864, 4,  -0.001, -0.011, -0.002, 5,   3.523, 24.100, 45.169
1177561.97295, 3,  -0.068,  0.192,-12.956, 4,  -0.001, -0.012, -0.001, 5,   4.344, 23.334, 44.258
1177561.99310, 3,  -0.097,  0.145,-12.939, 4,  -0.002, -0.012, -0.002, 5,   4.781, 23.189, 43.265
1177562.01324, 3,  -0.032,  0.149,-12.889, 4,  -0.001, -0.010, -0.002, 5,   4.781, 23.238, 43.411
1177562.03338, 3,   0.050,  0.184,-12.900, 4,  -0.001, -0.008,  0.000, 5,   4.709, 23.535, 44.417
1177562.05352, 3,   0.083,  0.190,-12.900, 4,  -0.002, -0.008, -0.001, 5,   4.434, 23.535, 44.952
1177562.07366, 3,   0.132,  0.148,-12.890, 4,  -0.001, -0.005, -0.000, 5,   4.149, 23.413, 44.756
1177562.09380, 3,   0.066,  0.117,-12.845, 4,  -0.000, -0.005, -0.001, 5,   3.642, 23.512, 44.072
1177562.11394, 3,   0.003,  0.058,-12.889, 4,  -0.002, -0.010, -0.003, 5,   5.125, 25.264, 43.941
1177562.13409, 3,  -0.017,  0.100,-12.916, 4,  -0.001, -0.011, -0.004, 5,   4.884, 24.927, 44.176
1177562.15423, 3,  -0.047,  0.143,-12.936, 4,   0.001, -0.010, -0.004, 5,   4.515, 23.596, 44.835
1177562.17437, 3,  -0.047,  0.169,-12.952, 4,   0.001, -0.007, -0.004, 5,   5.125, 22.498, 44.952
1177562.19451, 3,   0.023,  0.159,-12.921, 4,  -0.000, -0.005, -0.001, 5,   4.729, 22.780, 44.897
1177562.21465, 3,   0.058,  0.193,-12.891, 4,  -0.002, -0.005,  0.000, 5,   4.332, 23.302, 44.495
1177562.23479, 3,   0.003,  0.195,-12.929, 4,  -0.001, -0.007, -0.002, 5,   5.125, 23.189, 43.941
1177562.25494, 3,  -0.054,  0.178,-12.911, 4,  -0.000, -0.006, -0.004, 5,   4.341, 23.318, 44.452
1177562.27508, 3,  -0.064,  0.183,-12.896, 4,   0.000, -0.006, -0.004, 5,   3.964, 23.323, 44.264
1177562.29522, 3,  -0.055,  0.191,-12.893, 4,   0.000, -0.008, -0.002, 5,   5.299, 23.016, 42.760
1177562.31536, 3,   0.014,  0.192,-12.912, 4,  -0.001, -0.009, -0.001, 5,   4.866, 23.016, 43.605
1177562.33550, 3,   0.030,  0.194,-12.905, 4,  -0.001, -0.008, -0.002, 5,   4.335, 23.538, 44.713
1177562.35564, 3,  -0.020,  0.224,-12.941, 4,   0.000, -0.008, -0.000, 5,   4.434, 24.226, 44.615
1177562.37579, 3,   0.038,  0.187,-12.889, 4,   0.001, -0.006, -0.000, 5,   4.434, 23.570, 44.296
1177562.39593, 3,   0.141,  0.092,-12.856, 4,  -0.000, -0.007,  0.000, 5,   4.268, 23.840, 43.941
1177562.41607, 3,   0.173,  0.012,-12.928, 4,  -0.001, -0.012, -0.002, 5,   4.089, 24.918, 43.941
1177562.43621, 3,   0.131,  0.005,-12.950, 4,  -0.001, -0.015, -0.006, 5,   4.614, 24.567, 44.627
1177562.45635, 3,   0.079,  0.062,-12.867, 4,  -0.000, -0.018, -0.008, 5,   4.292, 24.133, 45.201
1177562.47649, 3,  -0.036,  0.137,-12.848, 4,   0.002, -0.020, -0.011, 5,   3.571, 24.054, 45.122
1177562.49664, 3,  -0.187,  0.191,-12.933, 4,   0.002, -0.022, -0.011, 5,   3.278, 24.345, 45.027
1177562.51678, 3,  -0.236,  0.201,-12.943, 4,   0.001, -0.020, -0.010, 5,   3.546, 23.878, 44.664
1177562.53692, 3,  -0.270,  0.195,-12.884, 4,   0.001, -0.014, -0.006, 5,   3.915, 23.363, 44.447
1177562.55706, 3,  -0.248,  0.222,-12.846, 4,   0.001, -0.007, -0.003, 5,   3.915, 23.575, 44.656
1177562.57720, 3,  -0.114,  0.239,-12.899, 4,  -0.000,  0.000,  0.000, 5,   3.485, 23.492, 44.785
1177562.59734, 3,   0.022,  0.262,-12.950, 4,  -0.001,  0.004,  0.002, 5,   3.224, 23.363, 44.785
1177562.61748, 3,   0.087,  0.275,-12.894, 4,  -0.000,  0.006,  0.002, 5,   3.772, 23.691, 44.678
1177562.63763, 3,   0.078,  0.240,-12.910, 4,   0.000,  0.005,  0.003, 5,   3.975, 23.767, 44.727
1177562.65777, 3,  -0.016,  0.163,-12.934, 4,  -0.001,  0.000,  0.003, 5,   3.915, 23.708, 44.785
1177562.67791, 3,  -0.068,  0.109,-12.893, 4,  -0.000, -0.002,  0.001, 5,   3.683, 23.476, 44.107
1177562.69805, 3,  -0.075,  0.095,-12.907, 4,  -0.000, -0.002,  0.001, 5,   4.294, 24.086, 44.481
1177562.71819, 3,  -0.058,  0.156,-12.883, 4,   0.000, -0.002, -0.000, 5,   4.607, 24.399, 44.785
1177562.73833, 3,  -0.023,  0.216,-12.946, 4,   0.000, -0.001, -0.001, 5,   4.984, 24.776, 44.908
1177562.75848, 3,   0.005,  0.236,-12.856, 4,  -0.000,  0.001, -0.001, 5,   4.895, 24.225, 44.728
1177562.77862, 3,  -0.025,  0.176,-12.914, 4,   0.001, -0.000, -0.000, 5,   4.781, 23.880, 44.615
1177562.79876, 3,  -0.059,  0.128,-12.938, 4,  -0.000, -0.003,  0.001, 5,   5.582, 23.344, 44.354
1177562.81890, 3,  -0.139,  0.097,-12.833, 4,   0.000, -0.001, -0.000, 5,   4.999, 24.007, 44.545
1177562.83904, 3,  -0.073,  0.169,-12.903, 4,  -0.001,  0.002, -0.000, 5,   4.781, 24.226, 44.615
1177562.85918, 3,   0.001,  0.168,-12.942, 4,   0.001,  0.006,  0.001, 5,   4.634, 24.370, 42.775
1177562.87933, 3,   0.045,  0.173,-12.901, 4,  -0.000,  0.005,  0.002, 5,   4.752, 24.832, 44.260
1177562.89947, 3,   0.016,  0.158,-12.910, 4,  -0.001,  0.003,  0.001, 5,   4.781, 24.918, 44.615
1177562.91961, 3,   0.002,  0.126,-12.887, 4,   0.000, -0.001,  0.002, 5,   4.181, 24.619, 44.324
1177562.93975, 3,  -0.053,  0.099,-12.940, 4,  -0.001, -0.001,  0.002, 5,   4.996, 23.965, 43.687
1177562.95989, 3,  -0.046,  0.131,-12.913, 4,   0.000, -0.002, -0.000, 5,   5.125, 23.880, 43.604
1177562.98003, 3,  -0.020,  0.211,-12.908, 4,   0.000, -0.000,  0.002, 5,   3.867, 24.823, 44.832
1177563.00018, 3,  -0.047,  0.211,-12.930, 4,   0.000, -0.001, -0.000, 5,   4.541, 23.479, 43.861
1177563.02032, 3,  -0.036,  0.179,-12.922, 4,  -0.002, -0.002,  0.002, 5,   4.607, 23.363, 43.771
1177563.04046, 3,  -0.042,  0.147,-12.917, 4,  -0.003, -0.001,  0.002, 5,   3.781, 23.526, 43.935
1177563.06060, 3,  -0.049,  0.134,-12.948, 4,  -0.002,  0.000,  0.003, 5,   4.916, 23.030, 43.777
1177563.08074, 3,  -0.009,  0.141,-12.891, 4,  -0.001,  0.000,  0.002, 5,   4.953, 23.016, 43.771
1177563.10088, 3,  -0.032,  0.165,-12.914, 4,   0.000,  0.000,  0.002, 5,   4.781, 23.880, 44.278
1177563.12102, 3,  -0.005,  0.151,-12.895, 4,  -0.002, -0.001,  0.002, 5,   4.953, 23.016, 45.122
1177563.14117, 3,  -0.045,  0.152,-12.945, 4,   0.000,  0.000,  0.001, 5,   4.980, 23.044, 45.139
1177563.16131, 3,  -0.061,  0.175,-12.928, 4,   0.000,  0.000,  0.002, 5,   5.783, 23.863, 45.564
1177563.18145, 3,  -0.023,  0.178,-12.948, 4,  -0.002,  0.001,  0.003, 5,   5.125, 23.535, 44.278
1177563.20159, 3,  -0.018,  0.165,-12.891, 4,  -0.001,  0.001,  0.002, 5,   5.028, 23.549, 44.319
1177563.22173, 3,   0.016,  0.185,-12.899, 4,  -0.001,  0.001,  0.001, 5,   3.978, 23.558, 44.765
1177563.24187, 3,   0.025,  0.113,-12.940, 4,  -0.001,  0.002,  0.002, 5,   4.434, 22.498, 44.615
1177563.26202, 3,   0.023,  0.137,-12.887, 4,  -0.001,  0.001,  0.001, 5,   4.370, 22.560, 44.554
1177563.28216, 3,  -0.021,  0.151,-12.904, 4,   0.001, -0.001, -0.000, 5,   3.819, 23.207, 44.156
1177563.30230, 3,  -0.048,  0.111,-12.890, 4,   0.001, -0.003, -0.000, 5,   3.224, 24.399, 44.447
1177563.32244, 3,  -0.027,  0.143,-12.938, 4,   0.001, -0.001, -0.000, 5,   3.224, 24.257, 44.310
1177563.34258, 3,  -0.027,  0.193,-12.894, 4,   0.001, -0.001,  0.001, 5,   3.450, 23.476, 43.434
1177563.36272, 3,  -0.042,  0.170,-12.879, 4,  -0.000, -0.000,  0.002, 5,   4.607, 24.054, 43.434
1177563.38287, 3,  -0.014,  0.167,-12.887, 4,   0.000, -0.001,  0.001, 5,   4.570, 23.650, 43.614
1177563.40301, 3,  -0.035,  0.149,-12.883, 4,   0.001,  0.000,  0.002, 5,   4.114, 22.472, 43.967
1177563.42315, 3,  -0.007,  0.165,-12.894, 4,   0.001,  0.000,  0.001, 5,   2.879, 23.708, 42.760
1177563.44329, 3,  -0.037,  0.201,-12.895, 4,   0.000,  0.001,  0.000, 5,   3.722, 23.750, 42.976
1177563.46343, 3,  -0.009,  0.196,-12.953, 4,  -0.000,  0.001, -0.000, 5,   6.068, 23.785, 43.604
1177563.48357, 3,   0.008,  0.158,-12.881, 4,   0.001,  0.001, -0.000, 5,   5.817, 23.535, 43.604
1177563.50372, 3,  -0.017,  0.150,-12.906, 4,   0.001, -0.002,  0.000, 5,   5.763, 23.692, 43.553
1177563.52386, 3,  -0.027,  0.164,-12.916, 4,   0.000, -0.002,  0.001, 5,   5.199, 24.275, 43.544
1177563.54400, 3,  -0.016,  0.161,-12.947, 4,   0.000, -0.001,  0.001, 5,   4.262, 24.745, 43.771
1177563.56414, 3,  -0.035,  0.169,-12.881, 4,  -0.000, -0.002, -0.000, 5,   4.510, 24.495, 43.529
1177563.58428, 3,  -0.017,  0.156,-12.902, 4,  -0.002, -0.001, -0.000, 5,   4.419, 23.920, 43.748
1177563.60442, 3,  -0.025,  0.151,-12.924, 4,  -0.001, -0.001, -0.001, 5,   3.571, 23.708, 44.785
1177563.62456, 3,  -0.060,  0.180,-12.924, 4,   0.000, -0.001, -0.002, 5,   3.708, 23.569, 44.516
1177563.64471, 3,  -0.059,  0.169,-12.936, 4,   0.000, -0.002, -0.001, 5,   3.491, 23.785, 43.971
1177563.66485, 3,  -0.023,  0.164,-12.902, 4,   0.002, -0.002,  0.000, 5,   2.879, 24.399, 43.771
1177563.68499, 3,  -0.005,  0.168,-12.884, 4,   0.001, -0.001,  0.000, 5,   3.348, 24.242, 44.078
1177563.70513, 3,  -0.030,  0.187,-12.889, 4,   0.000, -0.000,  0.000, 5,   4.623, 24.289, 44.217
1177563.72527, 3,  -0.038,  0.174,-12.906, 4,   0.000, -0.001,  0.000, 5,   5.472, 24.573, 43.941
1177563.74541, 3,  -0.031,  0.162,-12.906, 4,   0.000, -0.001,  0.000, 5,   4.970, 23.903, 44.104
1177563.76556, 3,  -0.039,  0.177,-12.903, 4,   0.001, -0.002,  0.001, 5,   3.725, 22.833, 44.452
1177563.78570, 3,  -0.008,  0.177,-12.944, 4,   0.000, -0.001,  0.000, 5,   3.052, 22.498, 44.615
1177563.80584, 3,   0.006,  0.155,-12.939, 4,  -0.000,  0.001, -0.001, 5,   3.416, 22.498, 44.081
1177563.82598, 3,  -0.013,  0.118,-12.926, 4,  -0.000, -0.000,  0.000, 5,   3.931, 22.874, 44.525
1177563.84612, 3,  -0.028,  0.120,-12.929, 4,  -0.001, -0.002,  0.001, 5,   4.089, 23.189, 45.291
1177563.86626, 3,  -0.033,  0.138,-12.918, 4,  -0.000, -0.003,  0.001, 5,   3.481, 23.796, 44.896
1177563.88641, 3,  -0.029,  0.149,-12.940, 4,   0.001, -0.001,  0.001, 5,   3.258, 24.846, 44.415
1177563.90655, 3,  -0.016,  0.147,-12.918, 4,   0.000,  0.000,  0.000, 5,   3.398, 25.264, 44.278
1177563.92669, 3,  -0.015,  0.151,-12.890, 4,  -0.001, -0.002, -0.000, 5,   3.506, 24.500, 43.959
1177563.94683, 3,  -0.042,  0.145,-12.914, 4,  -0.002, -0.002, -0.001, 5,   4.666, 24.272, 43.558
1177563.96697, 3,  -0.056,  0.152,-12.900, 4,  -0.001,  0.000,  0.000, 5,   5.299, 24.399, 43.434
1177563.98711, 3,  -0.035,  0.148,-12.906, 4,  -0.001, -0.001,  0.001, 5,   4.376, 24.858, 44.110
1177564.00726, 3,  -0.024,  0.159,-12.920, 4,  -0.002, -0.001, -0.000, 5,   5.208, 24.033, 43.874
1177564.02740, 3,  -0.035,  0.165,-12.918, 4,  -0.001, -0.001,  0.000, 5,   5.817, 23.535, 43.604
1177564.04754, 3,  -0.026,  0.160,-12.931, 4,  -0.001, -0.000,  0.002, 5,   4.465, 22.920, 44.205
1177564.06768, 3,  -0.039,  0.163,-12.947, 4,   0.000, -0.001,  0.001, 5,   4.831, 23.128, 44.672
1177564.08782, 3,  -0.043,  0.178,-12.941, 4,   0.001, -0.000,  0.001, 5,   5.299, 23.363, 44.785
1177564.10796, 3,  -0.020,  0.169,-12.922, 4,   0.000,  0.000,  0.002, 5,   4.778, 23.883, 45.293
1177564.12810, 3,  -0.017,  0.178,-12.906, 4,   0.000,  0.000,  0.000, 5,   4.472, 23.654, 44.810
1177564.14825, 3,  -0.024,  0.163,-12.886, 4,   0.000, -0.001, -0.000, 5,   4.434, 23.535, 44.615
1177564.16839, 3,   0.013,  0.129,-12.969, 4,  -0.000, -0.000,  0.002, 5,   4.015, 24.510, 44.481
1177564.18853, 3,  -0.031,  0.154,-12.949, 4,   0.000,  0.000,  0.000, 5,   4.338, 23.756, 44.310
1177564.20867, 3,  -0.050,  0.166,-12.921, 4,  -0.000,  0.000,  0.001, 5,   4.434, 23.535, 44.278
1177564.22881, 3,  -0.054,  0.196,-12.958, 4,  -0.001,  0.000, -0.000, 5,   4.288, 23.096, 43.851
1177564.24895, 3,  -0.058,  0.142,-12.910, 4,  -0.002,  0.000, -0.000, 5,   3.963, 23.016, 44.934
1177564.26910, 3,  -0.033,  0.141,-12.869, 4,   0.000, -0.001,  0.001, 5,   3.915, 23.016, 45.122
1177564.28924, 3,  -0.052,  0.135,-12.910, 4,  -0.001, -0.000,  0.001, 5,   5.148, 23.631, 43.016
1177564.30938, 3,   0.012,  0.185,-12.945, 4,  -0.001,  0.001, -0.001, 5,   4.829, 24.802, 42.912
1177564.32952, 3,  -0.065,  0.178,-12.919, 4,  -0.002, -0.001, -0.001, 5,   4.781, 24.918, 42.928
1177564.34966, 3,  -0.025,  0.143,-12.890, 4,  -0.001, -0.001,  0.001, 5,   4.617, 22.815, 44.032
1177564.36980, 3,  -0.028,  0.141,-12.932, 4,   0.000, -0.001,  0.001, 5,   5.103, 23.828, 42.978
1177564.38995, 3,  -0.028,  0.130,-12.854, 4,  -0.001,  0.000, -0.000, 5,   5.125, 23.880, 42.928
1177564.41009, 3,  -0.002,  0.158,-12.912, 4,   0.000, -0.001, -0.000, 5,   4.956, 25.067, 44.087
1177564.43023, 3,  -0.026,  0.147,-12.887, 4,  -0.002, -0.001,  0.003, 5,   4.094, 23.886, 44.948
1177564.45037, 3,  -0.030,  0.188,-12.959, 4,  -0.003,  0.001, -0.000, 5,   4.094, 23.863, 44.958
1177564.47051, 3,  -0.032,  0.148,-12.927, 4,  -0.001,  0.000,  0.002, 5,   4.575, 22.356, 45.428
1177564.49065, 3,   0.022,  0.182,-12.882, 4,  -0.001,  0.000,  0.001, 5,   3.398, 23.535, 44.278
1177564.51080, 3,  -0.054,  0.181,-12.902, 4,  -0.001, -0.001,  0.002, 5,   3.427, 23.544, 44.368
1177564.53094, 3,  -0.048,  0.133,-12.937, 4,  -0.001,  0.001,  0.002, 5,   4.039, 23.477, 45.641
1177564.55108, 3,  -0.019,  0.133,-12.917, 4,   0.000, -0.001, -0.000, 5,   5.125, 21.461, 44.278
1177564.57122, 3,  -0.067,  0.210,-12.878, 4,  -0.001,  0.001, -0.000, 5,   5.037, 21.654, 44.193
1177564.59136, 3,  -0.059,  0.225,-12.880, 4,  -0.001, -0.001, -0.001, 5,   4.341, 23.363, 43.512
1177564.61150, 3,  -0.053,  0.197,-12.940, 4,   0.000, -0.001,  0.001, 5,   4.953, 23.363, 44.109
1177564.63165, 3,  -0.019,  0.137,-12.965, 4,  -0.001, -0.000,  0.002, 5,   4.768, 23.441, 44.135
1177564.65179, 3,  -0.000,  0.141,-12.916, 4,   0.001, -0.001,  0.001, 5,   4.018, 23.604, 44.441
1177564.67193, 3,  -0.020,  0.141,-12.919, 4,  -0.001,  0.001,  0.000, 5,   5.472, 22.153, 45.291
1177564.69207, 3,  -0.037,  0.156,-12.959, 4,  -0.001, -0.001,  0.003, 5,   5.275, 22.610, 44.652
1177564.71221, 3,  -0.031,  0.185,-12.958, 4,  -0.001, -0.003,  0.001, 5,   4.172, 24.573, 42.300
1177564.73235, 3,  -0.011,  0.159,-12.883, 4,  -0.001, -0.002, -0.000, 5,   3.052, 24.573, 43.941
1177564.75249, 3,  -0.029,  0.161,-12.941, 4,  -0.001, -0.000,  0.001, 5,   3.577, 24.126, 44.139
1177564.77264, 3,  -0.022,  0.163,-12.954, 4,  -0.001, -0.002,  0.001, 5,   5.125, 23.016, 44.701
1177564.79278, 3,   0.000,  0.145,-12.939, 4,   0.000, -0.001,  0.001, 5,   4.607, 24.054, 44.447
1177564.81292, 3,  -0.001,  0.174,-12.931, 4,   0.000, -0.001, -0.000, 5,   4.509, 24.054, 44.353
1177564.83306, 3,  -0.011,  0.144,-12.929, 4,  -0.000, -0.001,  0.001, 5,   4.312, 23.697, 44.159
1177564.85320, 3,  -0.042,  0.179,-12.882, 4,   0.000, -0.002,  0.001, 5,   4.434, 22.844, 44.278
1177564.87334, 3,  -0.053,  0.161,-12.916, 4,   0.000, -0.001,  0.001, 5,   4.434, 23.430, 44.392
1177564.89349, 3,  -0.033,  0.162,-12.933, 4,   0.000,  0.000,  0.000, 5,   4.874, 24.005, 44.063
1177564.91363, 3,   0.008,  0.150,-12.902, 4,   0.000,  0.000,  0.001, 5,   5.644, 23.016, 43.097
1177564.93377, 3,  -0.011,  0.162,-12.892, 4,  -0.000,  0.000,  0.001, 5,   5.252, 23.407, 43.733
1177564.95391, 3,  -0.029,  0.153,-12.873, 4,   0.001, -0.002,  0.001, 5,   4.607, 23.653, 44.264
1177564.97405, 3,  -0.022,  0.137,-12.903, 4,  -0.001, -0.002,  0.000, 5,   4.607, 23.016, 43.434
1177564.99419, 3,  -0.027,  0.153,-12.913, 4,  -0.001, -0.001,  0.001, 5,   4.160, 23.016, 43.726
1177565.01434, 3,  -0.037,  0.144,-12.947, 4,  -0.001, -0.001,  0.001, 5,   3.946, 22.940, 44.183
1177565.03448, 3,  -0.043,  0.142,-12.954, 4,  -0.000,  0.001,  0.001, 5,   4.434, 22.844, 44.278
1177565.05462, 3,  -0.019,  0.144,-12.931, 4,  -0.000, -0.001,  0.001, 5,   4.434, 22.844, 44.586
1177565.07476, 3,  -0.026,  0.147,-12.900, 4,  -0.000, -0.002,  0.001, 5,   3.851, 23.924, 45.035
1177565.09490, 3,  -0.066,  0.159,-12.891, 4,  -0.000, -0.002,  0.001, 5,   3.224, 25.090, 45.122
1177565.11504, 3,  -0.055,  0.153,-12.922, 4,  -0.000, -0.002,  0.001, 5,   3.485, 24.654, 44.185
1177565.13519, 3,  -0.019,  0.149,-12.897, 4,  -0.000, -0.000,  0.001, 5,   3.923, 23.506, 43.793
1177565.15533, 3,  -0.033,  0.145,-12.900, 4,  -0.000,  0.001,  0.000, 5,   4.089, 22.844, 44.278
1177565.17547, 3,  -0.028,  0.134,-12.933, 4,  -0.001, -0.001, -0.000, 5,   3.990, 23.135, 44.374
1177565.19561, 3,  -0.038,  0.119,-12.950, 4,  -0.001, -0.001, -0.000, 5,   4.114, 23.560, 44.060
1177565.21575, 3,  -0.029,  0.122,-12.947, 4,  -0.001, -0.000,  0.000, 5,   4.262, 23.708, 43.771
1177565.23589, 3,  -0.019,  0.157,-12.896, 4,  -0.000,  0.000,  0.001, 5,   4.471, 23.708, 44.389
1177565.25603, 3,  -0.012,  0.162,-12.921, 4,  -0.000, -0.001,  0.001, 5,   2.696, 23.708, 44.785
1177565.27618, 3,  -0.028,  0.157,-12.930, 4,  -0.001, -0.000,  0.001, 5,   1.495, 23.708, 44.785
1177565.29632, 3,  -0.004,  0.152,-12.926, 4,   0.000, -0.001,  0.001, 5,   3.078, 23.254, 44.122
1177565.31646, 3,  -0.020,  0.152,-12.918, 4,   0.000, -0.002,  0.001, 5,   4.143, 23.471, 43.550
1177565.33660, 3,  -0.055,  0.166,-12.898, 4,  -0.000, -0.001,  0.001, 5,   4.262, 23.708, 43.434
1177565.35674, 3,  -0.071,  0.169,-12.866, 4,   0.000, -0.001,  0.001, 5,   4.735, 24.419, 44.592
1177565.37688, 3,  -0.029,  0.134,-12.884, 4,   0.000, -0.000,  0.001, 5,   4.498, 24.745, 43.349
1177565.39703, 3,  -0.009,  0.129,-12.919, 4,  -0.000,  0.000,  0.000, 5,   4.262, 24.745, 42.421
1177565.41717, 3,  -0.032,  0.153,-12.891, 4,  -0.001,  0.001,  0.002, 5,   4.010, 23.991, 43.893
1177565.43731, 3,  -0.042,  0.189,-12.879, 4,  -0.001,  0.000,  0.001, 5,   4.558, 23.834, 45.074
1177565.45745, 3,  -0.081,  0.161,-12.868, 4,  -0.001,  0.001,  0.002, 5,   4.781, 23.880, 45.291
1177565.47759, 3,  -0.042,  0.117,-12.914, 4,   0.000,  0.001, -0.000, 5,   4.781, 24.347, 45.291
1177565.49773, 3,  -0.010,  0.139,-12.920, 4,   0.000,  0.000,  0.000, 5,   4.259, 24.310, 45.036
1177565.51788, 3,   0.003,  0.154,-12.968, 4,   0.000, -0.002,  0.002, 5,   4.089, 24.226, 44.952
1177565.53802, 3,  -0.020,  0.128,-12.961, 4,   0.000,  0.001,  0.000, 5,   4.512, 23.801, 43.431
1177565.55816, 3,   0.009,  0.175,-12.933, 4,   0.001,  0.000,  0.001, 5,   4.752, 24.428, 44.928
1177565.57830, 3,  -0.047,  0.168,-12.882, 4,  -0.000, -0.002,  0.002, 5,   4.781, 24.573, 45.291
1177565.59844, 3,  -0.046,  0.161,-12.971, 4,   0.001, -0.000,  0.001, 5,   5.978, 25.470, 44.998
1177565.61858, 3,  -0.038,  0.175,-12.945, 4,  -0.000, -0.002,  0.002, 5,   5.247, 24.084, 44.061
1177565.63873, 3,  -0.001,  0.134,-12.932, 4,  -0.002,  0.001,  0.002, 5,   5.125, 23.880, 43.941
1177565.65887, 3,  -0.024,  0.174,-12.894, 4,  -0.001, -0.001,  0.002, 5,   4.022, 22.462, 44.710
1177565.67901, 3,  -0.026,  0.173,-12.913, 4,   0.000, -0.000,  0.001, 5,   2.946, 23.941, 43.839
1177565.69915, 3,  -0.003,  0.175,-12.922, 4,  -0.002, -0.001,  0.002, 5,   2.879, 24.054, 43.771
1177565.71929, 3,  -0.039,  0.145,-12.956, 4,  -0.001, -0.001, -0.000, 5,   4.860, 23.723, 44.095
1177565.73943, 3,  -0.044,  0.165,-12.901, 4,  -0.001, -0.002,  0.002, 5,   3.279, 23.708, 44.109
1177565.75957, 3,  -0.037,  0.113,-12.874, 4,  -0.002,  0.002,  0.001, 5,   3.224, 23.708, 44.109
1177565.77972, 3,   0.023,  0.172,-12.942, 4,   0.000,  0.000,  0.001, 5,   4.434, 24.918, 44.615
1177565.79986, 3,  -0.062,  0.139,-12.865, 4,  -0.001, -0.001,  0.001, 5,   4.089, 23.189, 42.590
1177565.82000, 3,  -0.079,  0.211,-12.883, 4,  -0.001, -0.001,  0.001, 5,   4.114, 23.213, 42.645
1177565.84014, 3,  -0.042,  0.158,-12.873, 4,  -0.001, -0.002,  0.002, 5,   4.909, 24.010, 44.434
1177565.86028, 3,  -0.036,  0.127,-12.895, 4,   0.000, -0.002,  0.002, 5,   3.915, 23.016, 44.109
1177565.88042, 3,  -0.014,  0.134,-12.945, 4,  -0.002,  0.001, -0.000, 5,   3.928, 23.131, 44.048
1177565.90057, 3,   0.006,  0.155,-12.935, 4,   0.000, -0.001, -0.001, 5,   4.057, 24.573, 43.326
1177565.92071, 3,  -0.032,  0.183,-12.892, 4,  -0.001,  0.001, -0.000, 5,   3.743, 24.573, 43.941
1177565.94085, 3,  -0.055,  0.150,-12.899, 4,  -0.001,  0.000,  0.001, 5,   3.793, 24.313, 43.991
1177565.96099, 3,  -0.058,  0.148,-12.924, 4,  -0.001,  0.000, -0.000, 5,   4.021, 23.045, 44.170
1177565.98113, 3,  -0.048,  0.170,-12.943, 4,  -0.002,  0.000,  0.001, 5,   3.571, 24.399, 43.434
1177566.00127, 3,  -0.006,  0.156,-12.902, 4,  -0.001,  0.001,  0.001, 5,   3.874, 24.481, 43.733
1177566.02142, 3,  -0.012,  0.151,-12.890, 4,  -0.000,  0.002,  0.000, 5,   5.354, 24.451, 44.951
1177566.04156, 3,  -0.011,  0.168,-12.920, 4,   0.000, -0.000, -0.001, 5,   4.781, 22.153, 43.265
1177566.06170, 3,  -0.029,  0.167,-12.941, 4,   0.000, -0.001,  0.001, 5,   4.489, 22.369, 43.408
1177566.08184, 3,  -0.014,  0.096,-12.876, 4,   0.000, -0.001,  0.001, 5,   3.398, 23.189, 43.866
1177566.10198, 3,  -0.060,  0.133,-12.769, 4,  -0.001, -0.002, -0.001, 5,   3.398, 23.189, 43.604
1177566.12212, 3,  -0.048,  0.177,-12.870, 4,  -0.001, -0.001, -0.000, 5,   3.668, 23.305, 43.567
1177566.14227, 3,  -0.025,  0.166,-12.927, 4,  -0.001, -0.001, -0.000, 5,   4.660, 23.599, 43.382
1177566.16241, 3,  -0.067,  0.163,-12.822, 4,  -0.001, -0.001,  0.001, 5,   4.953, 23.016, 43.097
1177566.18255, 3,  -0.037,  0.152,-12.900, 4,  -0.001,  0.001,  0.001, 5,   4.745, 23.222, 43.703
1177566.20269, 3,  -0.048,  0.145,-12.869, 4,   0.000, -0.000,  0.001, 5,   4.152, 23.816, 44.698
1177566.22283, 3,  -0.011,  0.143,-12.808, 4,   0.000, -0.001,  0.001, 5,   3.915, 24.054, 43.771
1177566.24297, 3,   0.044,  0.140,-12.981, 4,   0.000, -0.001,  0.001, 5,   3.735, 23.753, 43.948
1177566.26311, 3,  -0.032,  0.134,-12.936, 4,  -0.000,  0.000,  0.001, 5,   4.138, 23.683, 44.400
1177566.28326, 3,  -0.032,  0.165,-12.914, 4,   0.000,  0.002,  0.000, 5,   5.472, 24.573, 44.615
1177566.30340, 3,  -0.019,  0.164,-12.897, 4,   0.001,  0.001,  0.001, 5,   4.836, 24.077, 44.272
1177566.32354, 3,  -0.012,  0.161,-12.908, 4,   0.001, -0.001,  0.001, 5,   4.337, 23.643, 43.636
1177566.34368, 3,  -0.019,  0.146,-12.887, 4,   0.000,  0.000,  0.001, 5,   4.953, 24.054, 43.434
1177566.36382, 3,   0.012,  0.148,-12.904, 4,   0.000,  0.000,  0.001, 5,   4.504, 23.903, 43.874
1177566.38396, 3,   0.005,  0.135,-12.936, 4,   0.000, -0.000, -0.000, 5,   4.709, 24.184, 43.982
1177566.40411, 3,  -0.016,  0.139,-12.945, 4,  -0.000, -0.001, -0.000, 5,   5.644, 24.745, 43.434
1177566.42425, 3,  -0.028,  0.163,-12.931, 4,  -0.001, -0.000, -0.000, 5,   4.323, 24.084, 43.758
1177566.44439, 3,  -0.027,  0.159,-12.919, 4,   0.000, -0.001,  0.000, 5,   3.391, 23.703, 43.776
1177566.46453, 3,  -0.026,  0.162,-12.982, 4,   0.000, -0.000,  0.001, 5,   3.915, 24.054, 43.434
1177566.48467, 3,  -0.032,  0.177,-12.937, 4,   0.001, -0.001,  0.001, 5,   4.286, 23.125, 43.797
1177566.50481, 3,  -0.030,  0.185,-12.854, 4,   0.001, -0.001,  0.001, 5,   5.078, 23.550, 44.202
1177566.52496, 3,   0.000,  0.186,-12.919, 4,  -0.000, -0.002,  0.001, 5,   5.472, 24.573, 44.278
1177566.54510, 3,   0.005,  0.163,-13.020, 4,  -0.001, -0.001,  0.001, 5,   5.078, 23.787, 44.087
1177566.56524, 3,  -0.011,  0.171,-12.957, 4,  -0.000,  0.000,  0.000, 5,   4.781, 23.993, 44.138
1177566.58538, 3,  -0.029,  0.157,-12.891, 4,  -0.000, -0.001, -0.000, 5,   4.781, 24.573, 44.278
1177566.60552, 3,  -0.033,  0.167,-12.908, 4,   0.000, -0.000, -0.001, 5,   4.456, 24.031, 44.595
1177566.62566, 3,  -0.021,  0.155,-12.952, 4,  -0.000, -0.001, -0.000, 5,   4.369, 23.164, 44.891
1177566.64581, 3,  -0.024,  0.145,-12.932, 4,  -0.001, -0.001, -0.001, 5,   4.434, 22.844, 44.952
1177566.66595, 3,  -0.017,  0.147,-12.906, 4,  -0.001, -0.001, -0.001, 5,   5.003, 23.640, 44.621
1177566.68609, 3,   0.008,  0.141,-12.900, 4,  -0.001, -0.000,  0.001, 5,   3.960, 24.054, 44.229
1177566.70623, 3,  -0.006,  0.152,-12.913, 4,   0.000,  0.000,  0.001, 5,   3.224, 24.054, 44.109
1177566.72637, 3,  -0.019,  0.156,-12.940, 4,   0.000,  0.001,  0.000, 5,   3.954, 23.567, 44.348
1177566.74651, 3,  -0.017,  0.159,-12.931, 4,   0.000, -0.000,  0.000, 5,   3.641, 23.734, 44.327
1177566.76665, 3,  -0.027,  0.167,-12.904, 4,   0.000, -0.000,  0.001, 5,   3.398, 23.880, 44.278
1177566.78680, 3,  -0.027,  0.168,-12.912, 4,  -0.000, -0.001,  0.001, 5,   4.437, 23.764, 44.617
1177566.80694, 3,  -0.026,  0.162,-12.953, 4,  -0.001, -0.000,  0.000, 5,   4.446, 24.213, 44.785
1177566.82708, 3,  -0.031,  0.164,-12.943, 4,   0.000,  0.001, -0.000, 5,   4.262, 24.399, 44.785
1177566.84720, 3,  -0.017,  0.161,-12.931, 4,   0.000,  0.000,  0.001, 5,   4.535, 23.575, 44.785
1177566.86734, 3,  -0.031,  0.152,-12.955, 4,  -0.000, -0.001,  0.001, 5,   4.468, 24.055, 44.107
1177566.88748, 3,  -0.031,  0.171,-12.966, 4,   0.000, -0.001,  0.001, 5,   4.434, 24.226, 43.941
1177566.90762, 3,  -0.030,  0.171,-12.912, 4,  -0.000, -0.002, -0.000, 5,   4.578, 24.951, 43.233
1177566.92776, 3,   0.005,  0.201,-12.940, 4,   0.000, -0.002,  0.001, 5,   4.164, 24.055, 43.240
1177566.94790, 3,   0.016,  0.132,-12.908, 4,  -0.000,  0.002, -0.000, 5,   4.089, 23.880, 43.265
1177566.96804, 3,  -0.002,  0.172,-12.892, 4,   0.000,  0.001,  0.002, 5,   5.003, 23.880, 44.160
1177566.98819, 3,  -0.052,  0.162,-12.926, 4,  -0.001, -0.003,  0.001, 5,   3.558, 23.567, 44.278
1177567.00833, 3,  -0.059,  0.167,-12.876, 4,  -0.001, -0.001, -0.000, 5,   3.398, 23.535, 44.278
1177567.02847, 3,  -0.003,  0.134,-12.892, 4,   0.001,  0.001, -0.001, 5,   4.517, 24.655, 44.435
1177567.04861, 3,  -0.056,  0.155,-12.861, 4,  -0.001,  0.000,  0.002, 5,   5.908, 24.419, 43.811
1177567.06875, 3,  -0.053,  0.186,-12.923, 4,  -0.002, -0.002,  0.001, 5,   5.991, 24.399, 43.771
1177567.08889, 3,  -0.068,  0.166,-12.823, 4,  -0.001,  0.002,  0.002, 5,   3.484, 25.725, 43.340
1177567.10904, 3,  -0.054,  0.148,-12.881, 4,  -0.001, -0.002,  0.001, 5,   4.074, 23.227, 44.264
1177567.12918, 3,  -0.041,  0.132,-12.833, 4,  -0.001,  0.000,  0.001, 5,   4.086, 23.187, 44.273
1177567.14932, 3,   0.034,  0.154,-12.955, 4,   0.000, -0.002, -0.000, 5,   3.572, 23.030, 43.123
1177567.16946, 3,   0.022,  0.168,-12.960, 4,   0.000, -0.003, -0.000, 5,   3.743, 23.880, 44.615
1177567.18960, 3,  -0.025,  0.177,-12.875, 4,   0.000, -0.001, -0.000, 5,   3.784, 23.938, 44.591
1177567.20974, 3,  -0.023,  0.179,-12.925, 4,   0.001, -0.000, -0.000, 5,   4.584, 25.046, 44.109
1177567.22989, 3,  -0.042,  0.150,-12.903, 4,  -0.001, -0.001,  0.003, 5,   4.262, 24.399, 44.109
1177567.25003, 3,  -0.006,  0.148,-12.910, 4,  -0.001, -0.000,  0.002, 5,   4.303, 24.356, 44.234
1177567.27017, 3,  -0.022,  0.180,-12.945, 4,  -0.002, -0.001, -0.000, 5,   4.515, 24.181, 44.928
1177567.29031, 3,  -0.020,  0.144,-12.893, 4,  -0.002,  0.000, -0.000, 5,   3.743, 25.264, 43.265
1177567.31045, 3,  -0.068,  0.199,-12.918, 4,  -0.001, -0.000,  0.001, 5,   3.836, 24.982, 43.358
1177567.33059, 3,  -0.040,  0.160,-12.895, 4,  -0.002, -0.001,  0.001, 5,   4.361, 23.404, 43.871
1177567.35074, 3,  -0.037,  0.160,-12.910, 4,  -0.001, -0.000,  0.001, 5,   3.915, 24.745, 43.434
1177567.37088, 3,  -0.021,  0.157,-12.879, 4,  -0.000, -0.001,  0.002, 5,   4.041, 24.493, 43.434
1177567.39102, 3,  -0.046,  0.141,-12.884, 4,   0.000,  0.001,  0.001, 5,   4.366, 23.602, 43.602
1177567.41116, 3,  -0.066,  0.139,-12.898, 4,   0.000,  0.001, -0.000, 5,   3.398, 24.573, 44.278
1177567.43130, 3,  -0.073,  0.141,-12.910, 4,   0.001, -0.001,  0.001, 5,   3.433, 24.608, 44.383
1177567.45144, 3,  -0.018,  0.140,-12.881, 4,   0.001,  0.001,  0.001, 5,   3.757, 24.825, 44.603
1177567.47158, 3,  -0.024,  0.139,-12.867, 4,  -0.001, -0.001,  0.000, 5,   4.781, 25.264, 43.604
1177567.49173, 3,  -0.031,  0.155,-12.825, 4,  -0.001, -0.001, -0.001, 5,   4.639, 24.933, 43.742
1177567.51187, 3,  -0.009,  0.166,-12.993, 4,  -0.001, -0.000, -0.000, 5,   4.111, 23.804, 44.353
1177567.53201, 3,  -0.044,  0.179,-12.988, 4,  -0.001, -0.000,  0.000, 5,   3.743, 23.189, 44.952
1177567.55215, 3,  -0.044,  0.151,-12.957, 4,  -0.001, -0.002,  0.001, 5,   4.193, 23.640, 44.952
1177567.57229, 3,  -0.011,  0.088,-12.964, 4,  -0.001,  0.000,  0.000, 5,   4.836, 24.629, 44.557
1177567.59243, 3,  -0.028,  0.114,-12.893, 4,   0.000,  0.001,  0.001, 5,   4.262, 24.745, 43.771
1177567.61258, 3,  -0.038,  0.151,-12.877, 4,  -0.000,  0.001,  0.003, 5,   4.262, 24.228, 43.394
1177567.63272, 3,  -0.033,  0.153,-12.891, 4,   0.000,  0.000,  0.003, 5,   4.012, 23.486, 43.370
1177567.65286, 3,  -0.038,  0.158,-12.883, 4,  -0.001,  0.000,  0.001, 5,   3.571, 23.708, 44.447
1177567.67300, 3,  -0.006,  0.152,-12.926, 4,   0.000,  0.000,  0.000, 5,   4.063, 23.495, 44.792
1177567.69314, 3,  -0.024,  0.147,-12.946, 4,   0.001, -0.000, -0.000, 5,   5.304, 23.863, 45.218
1177567.71328, 3,  -0.032,  0.148,-12.931, 4,  -0.000, -0.001, -0.001, 5,   5.991, 24.745, 45.122
1177567.73343, 3,  -0.034,  0.176,-12.902, 4,   0.000,  0.000, -0.000, 5,   5.595, 24.350, 44.429
1177567.75357, 3,  -0.053,  0.191,-12.887, 4,   0.000, -0.001,  0.001, 5,   4.716, 23.961, 43.843
1177567.77371, 3,  -0.046,  0.162,-12.898, 4,  -0.000, -0.002,  0.001, 5,   4.262, 24.054, 44.109
1177567.79385, 3,  -0.029,  0.149,-12.946, 4,  -0.001, -0.001,  0.001, 5,   4.175, 24.315, 44.365
1177567.81399, 3,  -0.048,  0.125,-12.959, 4,  -0.001, -0.001,  0.001, 5,   4.359, 23.940, 44.176
1177567.83413, 3,  -0.056,  0.140,-12.981, 4,  -0.001, -0.002,  0.001, 5,   4.607, 23.363, 43.771
1177567.85428, 3,  -0.025,  0.156,-12.957, 4,  -0.001,  0.000, -0.000, 5,   4.230, 23.174, 43.405
1177567.87442, 3,  -0.044,  0.179,-12.848, 4,  -0.001,  0.000, -0.001, 5,   4.396, 23.497, 43.379
1177567.89456, 3,  -0.031,  0.154,-12.871, 4,  -0.001, -0.001, -0.001, 5,   4.781, 23.880, 43.604
1177567.91470, 3,  -0.058,  0.138,-12.813, 4,  -0.000, -0.001,  0.000, 5,   4.263, 24.190, 44.713
1177567.93484, 3,  -0.042,  0.150,-12.871, 4,  -0.001, -0.001, -0.000, 5,   4.343, 24.399, 44.417
1177567.95498, 3,  -0.003,  0.131,-13.003, 4,  -0.001, -0.001, -0.001, 5,   4.607, 24.399, 43.771
1177567.97512, 3,   0.005,  0.132,-12.939, 4,   0.000, -0.001, -0.001, 5,   5.153, 24.509, 43.666
1177567.99527, 3,   0.018,  0.136,-12.905, 4,  -0.001,  0.001, -0.001, 5,   4.231, 24.458, 43.933
1177568.01541, 3,  -0.026,  0.152,-12.887, 4,   0.001, -0.001, -0.000, 5,   3.571, 24.399, 44.109
1177568.03555, 3,  -0.031,  0.155,-12.902, 4,   0.000, -0.000,  0.000, 5,   4.625, 24.046, 43.996
1177568.05569, 3,  -0.059,  0.148,-12.938, 4,  -0.000, -0.001,  0.000, 5,   4.167, 24.120, 44.409
1177568.07583, 3,  -0.057,  0.143,-12.923, 4,   0.001, -0.001,  0.000, 5,   3.743, 24.226, 44.615
1177568.09597, 3,  -0.059,  0.146,-12.908, 4,   0.000,  0.000,  0.000, 5,   4.773, 24.570, 44.281
1177568.11612, 3,  -0.051,  0.154,-12.915, 4,   0.000,  0.001,  0.000, 5,   4.070, 24.007, 43.390
1177568.13626, 3,  -0.029,  0.163,-12.881, 4,  -0.000,  0.001,  0.002, 5,   3.571, 23.708, 43.097
1177568.15640, 3,  -0.005,  0.178,-12.964, 4,  -0.000, -0.000,  0.001, 5,   4.100, 24.237, 43.097
1177568.17654, 3,   0.003,  0.146,-12.911, 4,   0.001, -0.001, -0.001, 5,   4.800, 23.320, 44.940
1177568.19668, 3,   0.001,  0.166,-12.877, 4,   0.001,  0.000,  0.001, 5,   4.953, 23.016, 45.459
1177568.21682, 3,  -0.029,  0.123,-12.874, 4,  -0.000,  0.001,  0.000, 5,   4.250, 24.001, 43.401
1177568.23697, 3,  -0.029,  0.157,-12.942, 4,   0.001, -0.000,  0.000, 5,   3.372, 23.796, 44.186
1177568.25711, 3,  -0.022,  0.186,-12.904, 4,   0.001,  0.000, -0.001, 5,   3.224, 23.708, 44.447
1177568.27725, 3,  -0.023,  0.145,-13.000, 4,   0.001, -0.001,  0.000, 5,   4.410, 25.191, 44.157
1177568.29739, 3,  -0.013,  0.188,-12.886, 4,  -0.002,  0.000,  0.000, 5,   3.542, 22.847, 44.556
1177568.31753, 3,  -0.018,  0.155,-12.934, 4,   0.000, -0.001, -0.001, 5,   3.398, 22.498, 44.615
1177568.33767, 3,  -0.001,  0.160,-12.937, 4,  -0.000, -0.001,  0.000, 5,   3.709, 24.059, 43.396
1177568.35782, 3,  -0.046,  0.127,-12.929, 4,  -0.000, -0.001,  0.000, 5,   3.900, 23.122, 43.729
1177568.37796, 3,  -0.070,  0.152,-12.886, 4,   0.001, -0.002,  0.000, 5,   3.915, 23.016, 43.771
1177568.39810, 3,  -0.064,  0.142,-12.904, 4,   0.002, -0.002,  0.000, 5,   4.906, 23.676, 43.127
1177568.41824, 3,  -0.122,  0.176,-12.868, 4,  -0.000, -0.002,  0.000, 5,   4.787, 24.539, 43.259
1177568.43838, 3,   0.027,  0.175,-12.942, 4,  -0.000, -0.002, -0.002, 5,   4.781, 24.573, 43.265
1177568.45852, 3,  -0.030,  0.198,-12.945, 4,  -0.000,  0.000,  0.000, 5,   4.950, 25.082, 43.433
1177568.47867, 3,  -0.028,  0.149,-12.906, 4,  -0.000, -0.002, -0.001, 5,   3.743, 22.844, 43.604
1177568.49881, 3,  -0.013,  0.156,-12.938, 4,   0.001,  0.002,  0.000, 5,   3.773, 22.847, 43.614
1177568.51895, 3,  -0.006,  0.174,-12.914, 4,  -0.000,  0.002,  0.000, 5,   5.247, 23.016, 44.147
1177568.53909, 3,   0.000,  0.157,-12.866, 4,  -0.000,  0.001, -0.001, 5,   3.915, 23.016, 45.122
1177568.55923, 3,  -0.048,  0.144,-12.926, 4,   0.001, -0.001, -0.001, 5,   3.995, 23.155, 45.045
1177568.57937, 3,  -0.038,  0.150,-12.946, 4,  -0.000,  0.000, -0.001, 5,   5.299, 25.182, 43.744
1177568.59951, 3,  -0.056,  0.143,-12.968, 4,  -0.001, -0.001, -0.001, 5,   5.299, 22.325, 43.434
1177568.61966, 3,  -0.014,  0.141,-12.954, 4,  -0.000, -0.000, -0.001, 5,   5.144, 22.401, 43.549
1177568.63980, 3,  -0.001,  0.187,-12.940, 4,  -0.001,  0.001,  0.000, 5,   3.981, 23.082, 44.513
1177568.65994, 3,  -0.008,  0.197,-12.900, 4,   0.001, -0.001,  0.000, 5,   4.434, 23.535, 44.952
1177568.68008, 3,  -0.014,  0.161,-12.912, 4,  -0.000,  0.001,  0.000, 5,   4.488, 23.480, 44.691
1177568.70022, 3,  -0.048,  0.144,-12.924, 4,   0.000,  0.001,  0.001, 5,   4.781, 23.549, 43.089
1177568.72036, 3,  -0.036,  0.123,-12.911, 4,   0.002, -0.000, -0.000, 5,   4.781, 25.264, 42.253
1177568.74051, 3,  -0.042,  0.156,-12.973, 4,   0.001, -0.002, -0.001, 5,   4.845, 25.070, 42.758
1177568.76065, 3,   0.002,  0.162,-12.918, 4,  -0.000, -0.001,  0.001, 5,   4.971, 24.071, 44.853
1177568.78079, 3,  -0.003,  0.171,-12.853, 4,  -0.001, -0.001, -0.000, 5,   4.089, 23.189, 44.278
1177568.80093, 3,  -0.009,  0.145,-12.899, 4,   0.001, -0.000,  0.001, 5,   4.216, 23.570, 44.403
1177568.82107, 3,  -0.013,  0.135,-12.947, 4,  -0.001,  0.001,  0.001, 5,   5.098, 24.699, 44.655
1177568.84121, 3,  -0.013,  0.146,-12.938, 4,  -0.001,  0.000,  0.001, 5,   6.509, 24.573, 44.278
1177568.86136, 3,  -0.024,  0.144,-12.914, 4,   0.000, -0.000,  0.000, 5,   5.847, 24.318, 44.229
1177568.88150, 3,  -0.024,  0.153,-12.894, 4,   0.000,  0.001, -0.001, 5,   3.999, 24.074, 44.263
1177568.90164, 3,  -0.033,  0.155,-12.928, 4,   0.000, -0.000, -0.001, 5,   3.398, 24.918, 44.615
1177568.92178, 3,  -0.017,  0.162,-12.927, 4,   0.001, -0.001,  0.000, 5,   3.398, 24.669, 44.374
1177568.94192, 3,  -0.024,  0.153,-12.867, 4,   0.001, -0.001, -0.001, 5,   4.193, 24.654, 44.000
1177568.96206, 3,  -0.019,  0.149,-12.915, 4,   0.001, -0.001,  0.001, 5,   5.644, 25.436, 44.109
1177568.98221, 3,  -0.023,  0.150,-12.909, 4,  -0.000, -0.001,  0.001, 5,   5.316, 24.455, 44.301
1177569.00235, 3,  -0.026,  0.158,-12.922, 4,  -0.001, -0.000, -0.000, 5,   4.016, 22.913, 44.276
1177569.02249, 3,  -0.004,  0.158,-12.920, 4,  -0.002,  0.003, -0.001, 5,   2.879, 23.016, 43.771
1177569.04263, 3,  -0.016,  0.165,-12.881, 4,  -0.001,  0.004, -0.002, 5,   3.479, 23.216, 43.707
1177569.06277, 3,  -0.020,  0.169,-12.925, 4,   0.001,  0.000,  0.000, 5,   4.280, 23.535, 44.357
1177569.08291, 3,  -0.016,  0.184,-12.944, 4,   0.001, -0.001,  0.000, 5,   4.089, 23.535, 45.291
1177569.10305, 3,   0.003,  0.165,-12.957, 4,   0.001, -0.000, -0.000, 5,   3.922, 23.869, 44.476
1177569.12320, 3,  -0.027,  0.157,-12.933, 4,   0.001,  0.001,  0.001, 5,   4.344, 24.139, 43.855
1177569.14334, 3,  -0.064,  0.170,-12.901, 4,   0.000,  0.001,  0.002, 5,   4.953, 24.054, 44.109
1177569.16348, 3,  -0.051,  0.165,-12.929, 4,  -0.001, -0.000,  0.001, 5,   4.953, 24.054, 44.109
1177569.18362, 3,  -0.056,  0.156,-12.886, 4,  -0.001, -0.001,  0.001, 5,   4.126, 24.146, 44.557
1177569.20376, 3,  -0.037,  0.157,-12.935, 4,  -0.000, -0.001,  0.001, 5,   3.398, 24.226, 44.952
1177569.22390, 3,  -0.030,  0.178,-12.955, 4,   0.000, -0.000, -0.000, 5,   3.693, 23.535, 44.858
1177569.24405, 3,  -0.057,  0.173,-12.884, 4,   0.001, -0.000,  0.001, 5,   4.015, 23.314, 44.107
1177569.26419, 3,  -0.055,  0.134,-12.904, 4,   0.000,  0.000,  0.001, 5,   4.089, 23.535, 43.604
1177569.28433, 3,  -0.020,  0.137,-12.934, 4,  -0.000, -0.001,  0.001, 5,   3.773, 23.219, 43.297
1177569.30447, 3,  -0.049,  0.159,-12.945, 4,  -0.000, -0.000, -0.000, 5,   3.902, 23.347, 43.422
1177569.32461, 3,  -0.041,  0.164,-12.908, 4,   0.000, -0.001, -0.000, 5,   4.089, 23.535, 43.604
1177569.34475, 3,  -0.009,  0.149,-12.888, 4,   0.000,  0.000, -0.001, 5,   3.638, 23.985, 44.263
1177569.36490, 3,  -0.029,  0.157,-12.926, 4,  -0.000,  0.001, -0.001, 5,   4.532, 23.772, 44.394
1177569.38504, 3,  -0.044,  0.162,-12.949, 4,   0.000,  0.002, -0.000, 5,   5.125, 23.535, 44.278
1177569.40518, 3,  -0.000,  0.160,-12.882, 4,   0.001,  0.001, -0.001, 5,   3.886, 23.872, 43.948
1177569.42532, 3,   0.015,  0.174,-12.925, 4,   0.001, -0.000, -0.001, 5,   4.417, 22.859, 44.939
1177569.44546, 3,  -0.025,  0.165,-12.933, 4,   0.002,  0.000, -0.001, 5,   4.953, 22.325, 45.459
1177569.46560, 3,  -0.054,  0.180,-12.892, 4,   0.001,  0.001, -0.001, 5,   5.080, 23.222, 44.833
1177569.48575, 3,  -0.031,  0.166,-12.918, 4,  -0.001, -0.001, -0.001, 5,   3.290, 23.535, 44.872
1177569.50589, 3,  -0.034,  0.149,-12.911, 4,  -0.001, -0.000,  0.001, 5,   2.705, 23.535, 44.952
1177569.52603, 3,  -0.040,  0.159,-12.861, 4,  -0.001,  0.001,  0.002, 5,   2.835, 24.437, 43.820
1177569.54617, 3,  -0.022,  0.157,-12.899, 4,   0.001,  0.001, -0.000, 5,   4.674, 24.052, 45.189
1177569.56631, 3,   0.015,  0.158,-12.910, 4,   0.001, -0.000, -0.001, 5,   5.125, 23.880, 45.628
1177569.58645, 3,   0.010,  0.164,-12.904, 4,  -0.000,  0.001, -0.000, 5,   5.699, 23.305, 44.507
1177569.60659, 3,  -0.021,  0.114,-12.913, 4,   0.002,  0.001, -0.001, 5,   4.636, 24.664, 44.855
1177569.62674, 3,   0.016,  0.122,-12.931, 4,   0.000, -0.001,  0.000, 5,   4.434, 24.918, 44.952
1177569.64688, 3,  -0.018,  0.120,-12.951, 4,  -0.000, -0.002, -0.002, 5,   4.434, 24.316, 44.952
1177569.66702, 3,  -0.019,  0.167,-12.936, 4,  -0.001, -0.001, -0.000, 5,   4.126, 24.226, 44.353
1177569.68716, 3,  -0.018,  0.130,-12.912, 4,   0.002,  0.000, -0.001, 5,   4.089, 24.226, 44.278
1177569.70730, 3,  -0.065,  0.194,-12.930, 4,   0.003, -0.000,  0.000, 5,   3.447, 23.584, 44.592
1177569.72744, 3,  -0.050,  0.131,-12.952, 4,   0.001, -0.001,  0.000, 5,   4.526, 23.050, 44.460
1177569.74759, 3,  -0.020,  0.155,-12.932, 4,   0.001,  0.000,  0.000, 5,   4.607, 23.016, 44.447
1177569.76773, 3,  -0.044,  0.132,-12.910, 4,   0.001,  0.001,  0.000, 5,   5.272, 24.013, 44.447
1177569.78787, 3,  -0.045,  0.113,-12.938, 4,   0.001, -0.002,  0.000, 5,   4.790, 24.222, 44.943
1177569.80801, 3,  -0.087,  0.137,-12.957, 4,  -0.000,  0.000, -0.001, 5,   4.781, 24.226, 44.952
1177569.82815, 3,  -0.044,  0.155,-12.866, 4,  -0.000,  0.001,  0.000, 5,   5.629, 23.708, 43.127
1177569.84829, 3,  -0.016,  0.148,-12.912, 4,   0.002, -0.001, -0.001, 5,   4.262, 23.708, 45.796
1177569.86844, 3,  -0.018,  0.137,-12.902, 4,  -0.000,  0.000, -0.001, 5,   4.218, 23.700, 45.779
1177569.88858, 3,  -0.002,  0.151,-12.930, 4,   0.001, -0.001, -0.001, 5,   3.146, 23.611, 45.255
1177569.90872, 3,   0.025,  0.160,-12.914, 4,   0.001, -0.000,  0.000, 5,   4.781, 24.918, 44.615
1177569.92886, 3,  -0.052,  0.175,-12.907, 4,  -0.000,  0.000,  0.000, 5,   4.837, 24.802, 44.672
1177569.94900, 3,  -0.030,  0.151,-12.952, 4,  -0.001, -0.001,  0.000, 5,   5.383, 23.505, 45.149
1177569.96914, 3,  -0.030,  0.124,-12.933, 4,   0.002,  0.001,  0.000, 5,   4.434, 23.189, 43.604
1177569.98929, 3,  -0.029,  0.131,-12.937, 4,   0.001,  0.001,  0.000, 5,   4.456, 23.302, 43.715
1177570.00943, 3,  -0.049,  0.128,-12.917, 4,   0.002,  0.001, -0.000, 5,   4.607, 23.854, 44.400
1177570.02957, 3,  -0.045,  0.135,-12.958, 4,  -0.000,  0.000, -0.001, 5,   4.607, 22.670, 44.109
1177570.04971, 3,  -0.031,  0.143,-13.010, 4,  -0.000, -0.000,  0.001, 5,   4.607, 22.839, 44.220
1177570.06985, 3,  -0.004,  0.155,-12.941, 4,   0.001,  0.001, -0.001, 5,   4.509, 23.659, 44.597
1177570.08999, 3,   0.004,  0.166,-12.938, 4,   0.001,  0.001, -0.001, 5,   3.915, 23.363, 43.434
1177570.11013, 3,  -0.042,  0.165,-12.926, 4,   0.000,  0.001,  0.001, 5,   4.219, 23.666, 43.434
1177570.13028, 3,  -0.043,  0.166,-12.939, 4,   0.002,  0.000, -0.000, 5,   5.177, 24.300, 43.790
1177570.15042, 3,  -0.043,  0.196,-12.898, 4,   0.001, -0.001,  0.001, 5,   4.781, 22.844, 44.952
1177570.17056, 3,   0.014,  0.177,-12.969, 4,   0.002, -0.001,  0.000, 5,   4.646, 22.923, 45.032
1177570.19070, 3,  -0.026,  0.174,-12.931, 4,   0.000, -0.000,  0.000, 5,   3.867, 23.506, 45.226
1177570.21084, 3,  -0.021,  0.138,-12.896, 4,   0.001,  0.001,  0.001, 5,   3.743, 23.880, 44.615
1177570.23098, 3,  -0.027,  0.137,-12.891, 4,   0.000,  0.001,  0.000, 5,   4.173, 23.880, 44.933
1177570.25113, 3,  -0.014,  0.150,-12.872, 4,   0.000,  0.001, -0.000, 5,   4.623, 23.712, 45.139
1177570.27127, 3,  -0.009,  0.172,-12.890, 4,   0.000,  0.001, -0.001, 5,   3.571, 23.363, 44.109
1177570.29141, 3,   0.001,  0.163,-12.883, 4,  -0.000,  0.001, -0.001, 5,   4.430, 23.976, 44.589
1177570.31155, 3,   0.002,  0.138,-12.920, 4,  -0.000,  0.000, -0.001, 5,   5.592, 24.161, 44.812
1177570.33169, 3,  -0.011,  0.126,-12.952, 4,   0.000,  0.001,  0.001, 5,   4.953, 22.670, 43.771
1177570.35183, 3,  -0.014,  0.145,-12.929, 4,   0.000,  0.002,  0.001, 5,   4.813, 23.088, 43.909
1177570.37198, 3,  -0.008,  0.151,-12.876, 4,  -0.000,  0.001, -0.001, 5,   4.175, 23.994, 44.250
1177570.39212, 3,  -0.008,  0.130,-12.846, 4,  -0.000,  0.000, -0.000, 5,   3.571, 24.399, 44.447
1177570.41226, 3,  -0.018,  0.141,-12.895, 4,  -0.001, -0.001,  0.000, 5,   4.042, 24.240, 44.141
1177570.43240, 3,  -0.034,  0.163,-12.962, 4,   0.000,  0.001, -0.000, 5,   3.548, 24.623, 44.170
1177570.45254, 3,  -0.028,  0.150,-12.934, 4,   0.000,  0.000, -0.000, 5,   2.361, 25.264, 44.615
1177570.47268, 3,  -0.001,  0.137,-12.923, 4,  -0.001, -0.001,  0.000, 5,   3.542, 24.586, 44.615
1177570.49283, 3,  -0.007,  0.131,-12.955, 4,  -0.001, -0.000, -0.000, 5,   4.433, 23.880, 45.465
1177570.51297, 3,  -0.022,  0.148,-12.940, 4,  -0.001,  0.001, -0.000, 5,   4.089, 23.880, 46.303
1177570.53311, 3,  -0.019,  0.154,-12.938, 4,  -0.001,  0.000,  0.001, 5,   3.712, 23.880, 45.201
1177570.55325, 3,  -0.023,  0.163,-12.939, 4,   0.000, -0.001, -0.001, 5,   3.871, 23.975, 43.629
1177570.57339, 3,  -0.035,  0.170,-12.947, 4,   0.001, -0.001, -0.000, 5,   4.262, 24.054, 43.097
1177570.59353, 3,  -0.049,  0.159,-12.931, 4,   0.001, -0.000,  0.001, 5,   4.462, 23.653, 44.467
1177570.61367, 3,  -0.062,  0.154,-12.927, 4,  -0.000,  0.001,  0.000, 5,   4.179, 24.214, 45.251
1177570.63382, 3,  -0.042,  0.156,-12.900, 4,   0.000,  0.001, -0.001, 5,   3.915, 24.745, 45.122
1177570.65396, 3,  -0.060,  0.157,-12.931, 4,   0.000,  0.001, -0.001, 5,   4.454, 24.852, 44.597
1177570.67410, 3,  -0.056,  0.166,-12.971, 4,  -0.001,  0.001,  0.000, 5,   4.781, 23.715, 44.475
1177570.69424, 3,  -0.018,  0.160,-12.990, 4,  -0.000, -0.001, -0.001, 5,   4.781, 22.844, 44.615
1177570.71438, 3,  -0.027,  0.166,-12.956, 4,   0.001, -0.001, -0.002, 5,   4.112, 23.509, 43.314
1177570.73452, 3,  -0.007,  0.166,-12.899, 4,  -0.000,  0.000,  0.000, 5,   3.857, 23.299, 44.518
1177570.75467, 3,  -0.029,  0.141,-12.923, 4,   0.000,  0.001,  0.000, 5,   3.915, 23.016, 45.459
1177570.77481, 3,  -0.023,  0.161,-12.949, 4,   0.001,  0.001,  0.000, 5,   3.915, 23.016, 44.978
1177570.79495, 3,  -0.026,  0.155,-12.896, 4,   0.001, -0.000,  0.001, 5,   5.301, 24.150, 44.170
1177570.81509, 3,  -0.020,  0.144,-12.933, 4,   0.001,  0.000,  0.001, 5,   5.817, 24.573, 43.941
1177570.83523, 3,  -0.025,  0.149,-12.912, 4,   0.000, -0.000,  0.000, 5,   5.943, 24.698, 44.064
1177570.85537, 3,  -0.030,  0.168,-12.975, 4,   0.001,  0.000,  0.000, 5,   3.998, 23.549, 44.757
1177570.87552, 3,  -0.011,  0.121,-12.954, 4,  -0.001, -0.000, -0.001, 5,   3.398, 23.189, 44.952
1177570.89566, 3,  -0.016,  0.147,-12.935, 4,   0.001,  0.000, -0.000, 5,   3.952, 24.852, 44.952
1177570.91580, 3,  -0.001,  0.175,-12.860, 4,   0.001,  0.001,  0.001, 5,   4.659, 22.697, 44.397
1177570.93594, 3,  -0.011,  0.147,-12.930, 4,  -0.000,  0.001,  0.000, 5,   4.781, 22.153, 44.278
1177570.95608, 3,  -0.016,  0.178,-12.925, 4,  -0.001, -0.000,  0.001, 5,   4.781, 21.570, 43.996
1177570.97622, 3,  -0.020,  0.147,-12.891, 4,  -0.000,  0.000,  0.002, 5,   5.672, 24.138, 43.651
1177570.99637, 3,  -0.027,  0.141,-12.869, 4,  -0.002, -0.000,  0.001, 5,   5.817, 24.573, 43.604
1177571.01651, 3,  -0.019,  0.172,-12.910, 4,  -0.001,  0.000, -0.001, 5,   4.417, 24.416, 43.755
1177571.03665, 3,  -0.005,  0.153,-12.919, 4,   0.001, -0.001,  0.000, 5,   3.947, 24.399, 45.303
1177571.05679, 3,  -0.049,  0.160,-12.866, 4,   0.002,  0.000,  0.000, 5,   3.915, 24.399, 45.459
1177571.07693, 3,  -0.022,  0.194,-12.890, 4,   0.002,  0.001, -0.001, 5,   3.754, 24.884, 44.040
1177571.09707, 3,  -0.037,  0.150,-12.863, 4,  -0.000, -0.000, -0.002, 5,   3.743, 23.068, 43.640
1177571.11721, 3,   0.035,  0.170,-12.921, 4,   0.001, -0.001, -0.001, 5,   3.743, 22.844, 43.604
1177571.13736, 3,  -0.018,  0.130,-12.957, 4,  -0.000, -0.001,  0.000, 5,   4.420, 22.504, 43.604
1177571.15750, 3,  -0.037,  0.148,-12.912, 4,   0.001, -0.001, -0.001, 5,   3.403, 24.562, 44.611
1177571.17764, 3,  -0.016,  0.126,-12.906, 4,  -0.000, -0.001,  0.000, 5,   3.404, 24.554, 44.612
1177571.19778, 3,   0.005,  0.205,-12.932, 4,  -0.000,  0.001,  0.000, 5,   4.243, 22.348, 44.121
1177571.21792, 3,  -0.002,  0.131,-12.900, 4,  -0.000,  0.000, -0.001, 5,   3.224, 23.708, 44.785
1177571.23806, 3,  -0.016,  0.192,-12.907, 4,   0.001, -0.002, -0.001, 5,   3.288, 23.679, 44.777
1177571.25821, 3,  -0.037,  0.172,-12.975, 4,  -0.000,  0.000,  0.002, 5,   4.382, 23.366, 44.666
1177571.27835, 3,  -0.013,  0.152,-12.904, 4,  -0.001, -0.001,  0.000, 5,   3.743, 25.609, 45.291
1177571.29849, 3,  -0.013,  0.128,-12.895, 4,  -0.000, -0.000, -0.001, 5,   3.928, 25.592, 45.210
1177571.31863, 3,  -0.029,  0.187,-12.915, 4,   0.001,  0.001, -0.001, 5,   5.563, 25.237, 44.409
1177571.33877, 3,  -0.023,  0.164,-12.929, 4,  -0.001, -0.001,  0.001, 5,   4.953, 23.708, 44.109
1177571.35891, 3,  -0.037,  0.182,-12.900, 4,  -0.000,  0.000,  0.001, 5,   4.927, 23.782, 44.281
1177571.37906, 3,  -0.036,  0.169,-12.882, 4,  -0.001, -0.000,  0.000, 5,   4.755, 24.101, 45.169
1177571.39920, 3,  -0.013,  0.168,-12.902, 4,  -0.000,  0.000,  0.000, 5,   4.607, 23.363, 44.447
1177571.41934, 3,  -0.002,  0.192,-12.959, 4,   0.001, -0.001, -0.001, 5,   4.477, 23.425, 44.510
1177571.43948, 3,  -0.022,  0.140,-12.941, 4,  -0.001,  0.001, -0.000, 5,   3.951, 23.671, 44.682
1177571.45962, 3,  -0.056,  0.116,-12.920, 4,  -0.001,  0.002,  0.001, 5,   4.089, 23.535, 44.278
1177571.47976, 3,  -0.056,  0.182,-12.961, 4,  -0.000,  0.001, -0.000, 5,   4.202, 23.785, 44.122
1177571.49991, 3,  -0.043,  0.158,-12.900, 4,   0.001,  0.001, -0.002, 5,   4.723, 25.206, 43.187
1177571.52005, 3,  -0.013,  0.123,-12.909, 4,  -0.000,  0.001, -0.000, 5,   3.224, 23.708, 43.771
1177571.54019, 3,  -0.030,  0.113,-12.935, 4,   0.000,  0.001, -0.001, 5,   3.600, 24.083, 44.324
1177571.56033, 3,  -0.033,  0.138,-12.904, 4,  -0.000,  0.001,  0.000, 5,   4.352, 24.324, 45.349
1177571.58047, 3,  -0.009,  0.171,-12.930, 4,   0.000,  0.001,  0.001, 5,   3.743, 22.498, 44.278
1177571.60061, 3,  -0.003,  0.189,-12.892, 4,   0.001,  0.000,  0.000, 5,   4.298, 23.274, 44.061
1177571.62075, 3,  -0.041,  0.141,-12.902, 4,   0.000,  0.000,  0.000, 5,   4.807, 24.374, 43.900
1177571.64090, 3,  -0.048,  0.143,-12.893, 4,  -0.000,  0.001, -0.000, 5,   3.571, 23.363, 44.447
1177571.66104, 3,  -0.015,  0.162,-12.921, 4,   0.000,  0.000, -0.000, 5,   4.143, 23.552, 44.510
1177571.68118, 3,  -0.016,  0.172,-12.927, 4,   0.000, -0.001, -0.002, 5,   5.460, 23.544, 44.157
1177571.70132, 3,  -0.035,  0.164,-12.921, 4,  -0.000, -0.001, -0.001, 5,   5.991, 23.016, 43.434
1177571.72146, 3,  -0.020,  0.144,-12.960, 4,   0.000, -0.001,  0.000, 5,   5.331, 23.235, 43.935
1177571.74160, 3,  -0.005,  0.150,-12.964, 4,   0.000,  0.001, -0.000, 5,   4.663, 23.459, 44.542
1177571.76175, 3,  -0.008,  0.171,-12.925, 4,   0.001,  0.001, -0.000, 5,   4.953, 23.363, 44.447
1177571.78189, 3,  -0.007,  0.163,-12.918, 4,   0.001, -0.001,  0.001, 5,   5.032, 23.601, 44.214
1177571.80203, 3,  -0.035,  0.168,-12.896, 4,   0.000, -0.001,  0.001, 5,   4.881, 23.961, 44.020
1177571.82217, 3,  -0.020,  0.173,-12.883, 4,  -0.000, -0.003,  0.000, 5,   4.607, 24.054, 44.109
1177571.84231, 3,  -0.018,  0.171,-12.893, 4,   0.000, -0.003, -0.000, 5,   4.341, 23.787, 45.061
1177571.86245, 3,  -0.010,  0.164,-12.906, 4,   0.001, -0.001, -0.001, 5,   4.533, 22.911, 45.010
1177571.88260, 3,   0.042,  0.166,-12.888, 4,   0.001, -0.000, -0.000, 5,   4.953, 22.325, 44.109
1177571.90274, 3,   0.012,  0.164,-12.868, 4,   0.001, -0.002,  0.000, 5,   5.138, 23.253, 44.292
1177571.92288, 3,  -0.045,  0.146,-12.921, 4,   0.001, -0.004, -0.002, 5,   4.408, 24.747, 45.125
1177571.94302, 3,  -0.048,  0.129,-12.958, 4,  -0.000, -0.003, -0.002, 5,   3.743, 25.264, 45.628
1177571.96316, 3,  -0.073,  0.170,-12.950, 4,  -0.000, -0.001, -0.001, 5,   4.048, 24.345, 44.534
1177571.98330, 3,  -0.121,  0.190,-12.937, 4,   0.000,  0.000, -0.001, 5,   4.678, 24.124, 43.771
1177572.00345, 3,  -0.087,  0.213,-12.920, 4,   0.001, -0.000, -0.000, 5,   4.953, 24.399, 43.771
1177572.02359, 3,  -0.067,  0.233,-12.925, 4,   0.001,  0.002,  0.001, 5,   3.951, 24.287, 44.534
1177572.04373, 3,   0.002,  0.174,-12.946, 4,   0.001,  0.004,  0.003, 5,   3.510, 24.788, 44.185
1177572.06387, 3,   0.006,  0.142,-12.967, 4,   0.000,  0.003,  0.003, 5,   3.571, 25.090, 43.771
1177572.08401, 3,   0.006,  0.117,-12.949, 4,   0.000,  0.004,  0.002, 5,   3.922, 24.034, 44.116
1177572.10415, 3,  -0.011,  0.138,-12.893, 4,   0.001,  0.005,  0.000, 5,   5.287, 24.014, 44.278
1177572.12429, 3,  -0.040,  0.184,-12.918, 4,   0.001,  0.004,  0.000, 5,   5.817, 24.226, 44.278
1177572.14444, 3,  -0.047,  0.187,-12.963, 4,   0.003,  0.004, -0.001, 5,   4.366, 24.467, 44.987
1177572.16458, 3,  -0.018,  0.218,-12.854, 4,   0.003,  0.006,  0.001, 5,   3.870, 24.188, 44.669
1177572.18472, 3,  -0.022,  0.208,-12.906, 4,   0.002,  0.009,  0.003, 5,   3.915, 24.054, 44.447
1177572.20486, 3,   0.012,  0.208,-12.906, 4,   0.001,  0.010,  0.002, 5,   4.048, 24.451, 44.318
1177572.22500, 3,   0.013,  0.140,-12.902, 4,   0.001,  0.008,  0.003, 5,   4.089, 24.026, 44.278
1177572.24514, 3,   0.028,  0.082,-12.882, 4,   0.001,  0.004,  0.003, 5,   4.089, 23.880, 44.278
1177572.26529, 3,   0.056,  0.088,-12.873, 4,   0.001,  0.005,  0.002, 5,   4.930, 24.442, 43.456
1177572.28543, 3,   0.017,  0.113,-12.872, 4,   0.001,  0.005,  0.001, 5,   4.156, 23.326, 43.941
1177572.30557, 3,   0.036,  0.111,-12.925, 4,   0.003,  0.003, -0.001, 5,   3.915, 23.016, 44.109
1177572.32571, 3,   0.029,  0.139,-12.957, 4,  -0.001,  0.002,  0.001, 5,   4.509, 24.799, 44.109
1177572.34585, 3,  -0.034,  0.199,-12.909, 4,  -0.000, -0.000,  0.000, 5,   4.155, 24.939, 43.964
1177572.36599, 3,  -0.051,  0.195,-12.903, 4,   0.001,  0.000, -0.001, 5,   4.089, 24.918, 43.941
1177572.38614, 3,  -0.006,  0.176,-12.918, 4,  -0.000, -0.001,  0.001, 5,   4.089, 24.295, 44.852
1177572.40628, 3,  -0.029,  0.186,-12.931, 4,  -0.000,  0.002,  0.001, 5,   5.194, 24.068, 44.492
1177572.42642, 3,   0.044,  0.139,-12.893, 4,  -0.000,  0.003,  0.002, 5,   5.299, 24.054, 44.447
1177572.44656, 3,  -0.020,  0.121,-12.868, 4,  -0.000,  0.002,  0.000, 5,   4.971, 23.726, 44.766
1177572.46670, 3,  -0.028,  0.157,-12.925, 4,  -0.000,  0.003, -0.001, 5,   4.619, 24.040, 44.461
1177572.48684, 3,  -0.018,  0.196,-12.912, 4,   0.001, -0.000,  0.001, 5,   4.607, 24.054, 44.447
1177572.50699, 3,   0.003,  0.158,-12.946, 4,  -0.002,  0.003,  0.000, 5,   3.922, 24.054, 44.113
1177572.52713, 3,  -0.004,  0.160,-12.931, 4,  -0.000,  0.002,  0.001, 5,   2.705, 23.189, 45.628
1177572.54727, 3,  -0.004,  0.142,-12.917, 4,  -0.000,  0.001,  0.000, 5,   2.733, 23.189, 45.595
1177572.56741, 3,   0.001,  0.151,-12.918, 4,   0.001,  0.001,  0.000, 5,   4.053, 23.201, 43.941
1177572.58755, 3,  -0.043,  0.147,-12.929, 4,  -0.000,  0.000,  0.001, 5,   3.052, 23.535, 43.941
1177572.60769, 3,   0.017,  0.153,-12.936, 4,   0.001, -0.001,  0.002, 5,   3.185, 23.557, 43.985
1177572.62783, 3,  -0.009,  0.150,-12.951, 4,   0.001, -0.001,  0.000, 5,   5.005, 23.759, 44.655
1177572.64798, 3,   0.010,  0.172,-12.873, 4,  -0.000, -0.002,  0.000, 5,   3.571, 22.325, 45.122
1177572.66812, 3,  -0.024,  0.181,-12.902, 4,   0.001, -0.000, -0.000, 5,   3.726, 22.559, 44.931
1177572.68826, 3,  -0.017,  0.145,-12.899, 4,  -0.000,  0.001, -0.002, 5,   4.846, 24.556, 43.590
1177572.70840, 3,  -0.020,  0.112,-12.916, 4,   0.001,  0.000, -0.001, 5,   4.262, 25.436, 44.447
1177572.72854, 3,  -0.014,  0.132,-12.924, 4,   0.002, -0.002, -0.001, 5,   4.208, 25.278, 44.551
1177572.74868, 3,  -0.008,  0.134,-12.978, 4,   0.001, -0.001, -0.000, 5,   3.915, 24.283, 45.010
1177572.76883, 3,  -0.034,  0.142,-12.951, 4,   0.001, -0.001, -0.001, 5,   3.915, 23.708, 44.447
1177572.78897, 3,  -0.208,  0.213,-12.941, 4,   0.002, -0.001,  0.001, 5,   4.117, 23.454, 44.350
1177572.80911, 3,  -0.672,  0.419,-12.932, 4,  -0.000, -0.001,  0.001, 5,   4.749, 22.235, 43.951
1177572.82925, 3,   0.382,  0.088,-12.892, 4,  -0.000, -0.001,  0.006, 5,   2.705, 23.189, 44.615
1177572.84939, 3,   0.833, -0.017,-12.889, 4,   0.001, -0.000,  0.003, 5,   2.956, 23.523, 44.371
1177572.86953, 3,   0.034,  0.036,-12.901, 4,   0.002,  0.001, -0.005, 5,   4.134, 24.416, 43.604
1177572.88968, 3,  -0.200, -0.317,-12.872, 4,   0.002, -0.001,  0.008, 5,   5.472, 23.880, 43.604
1177572.90982, 3,  -0.535,  0.173,-12.789, 4,   0.004, -0.001,  0.120, 5,   5.569, 23.781, 43.507
1177572.92996, 3,   0.300,  0.576,-12.864, 4,   0.003, -0.004,  0.259, 5,   5.606, 23.639, 43.369
1177572.95010, 3,   0.697,  0.029,-12.748, 4,   0.015, -0.019,  0.134, 5,   5.125, 23.880, 43.604
1177572.97024, 3,   0.748,  0.121,-12.582, 4,   0.093, -0.022, -0.016, 5,   5.125, 24.225, 44.054
1177572.99038, 3,  -0.285,  0.059,-12.781, 4,   0.226,  0.033,  0.045, 5,   5.246, 24.191, 44.835
1177573.01053, 3,  -0.164, -0.054,-12.988, 4,   0.241,  0.082,  0.050, 5,   5.472, 22.844, 44.615
1177573.03067, 3,   0.152,  0.129,-12.942, 4,   0.164,  0.035,  0.064, 5,   5.270, 23.712, 44.942
1177573.05081, 3,  -0.040,  0.165,-12.927, 4,   0.167,  0.043,  0.074, 5,   4.669, 24.948, 44.629
1177573.07095, 3,  -0.376, -0.279,-12.910, 4,   0.187,  0.057, -0.000, 5,   4.262, 24.745, 43.434
1177573.09109, 3,  -1.032, -0.592,-12.990, 4,   0.173,  0.098, -0.071, 5,   4.773, 24.963, 43.364
1177573.11123, 3,  -0.772, -0.290,-13.240, 4,   0.162,  0.139, -0.083, 5,   4.948, 24.741, 43.193
1177573.13137, 3,   0.587,  0.019,-14.348, 4,   0.233,  0.228,  0.081, 5,   4.262, 24.054, 43.097
1177573.15152, 3,  -0.457, -0.619,-16.090, 4,   0.351,  0.547,  0.285, 5,   4.262, 23.889, 43.097
1177573.17166, 3,  -1.134, -0.950,-17.020, 4,   0.274,  0.734,  0.311, 5,   4.178, 24.620, 42.854
1177573.19180, 3,  -0.392, -0.722,-15.834, 4,  -0.247,  0.530,  0.382, 5,   4.089, 25.609, 42.590
1177573.21194, 3,   1.055, -0.382,-13.898, 4,  -0.791,  0.122,  0.442, 5,   3.825, 25.696, 42.505
1177573.23208, 3,   1.506,  0.014,-13.893, 4,  -0.943,  0.086,  0.448, 5,   3.571, 25.783, 43.509
1177573.25222, 3,   0.692,  0.370,-14.736, 4,  -0.815,  0.381,  0.384, 5,   3.571, 25.783, 44.447
1177573.27237, 3,   0.946,  0.540,-14.686, 4,  -0.727,  0.417,  0.306, 5,   3.284, 24.925, 44.170
1177573.29251, 3,   1.329,  0.619,-14.825, 4,  -0.815,  0.386,  0.299, 5,   2.071, 24.617, 44.897
1177573.31265, 3,   1.549,  0.824,-15.298, 4,  -1.031,  0.660,  0.367, 5,   1.323, 24.918, 45.628
1177573.33279, 3,   1.601,  0.838,-14.947, 4,  -1.294,  1.169,  0.508, 5,   2.177, 22.350, 46.255
1177573.35293, 3,   1.149,  1.093,-14.204, 4,  -1.543,  1.520,  0.536, 5,   1.950, 19.151, 46.957
1177573.37307, 3,   1.729,  1.682,-13.546, 4,  -1.651,  1.354,  0.463, 5,   1.495, 18.176, 47.147
1177573.39322, 3,   2.790,  2.032,-13.474, 4,  -1.496,  0.957,  0.395, 5,  -0.211, 18.062, 47.035
1177573.41336, 3,   3.110,  2.215,-13.339, 4,  -1.282,  0.696,  0.309, 5,  -1.671, 15.822, 46.866
1177573.43350, 3,   2.747,  2.324,-12.644, 4,  -1.235,  0.689,  0.255, 5,  -1.961, 14.720, 46.809
1177573.45364, 3,   2.717,  2.774,-11.523, 4,  -1.296,  0.708,  0.230, 5,  -2.426, 13.789, 47.943
1177573.47378, 3,   3.148,  3.121,-10.852, 4,  -1.199,  0.588,  0.256, 5,  -4.349, 11.639, 48.024
1177573.49392, 3,   2.884,  3.228,-11.391, 4,  -0.882,  0.371,  0.194, 5,  -5.072, 10.916, 47.821
1177573.51407, 3,   3.329,  3.230,-11.526, 4,  -0.620,  0.266,  0.125, 5,  -5.452,  9.271, 49.428
1177573.53421, 3,   3.401,  3.292,-10.587, 4,  -0.565,  0.099,  0.045, 5,  -5.707,  8.090, 49.677
1177573.55435, 3,   2.945,  3.393,-10.814, 4,  -0.509, -0.061, -0.077, 5,  -5.763,  7.805, 49.509
1177573.57449, 3,   2.448,  3.557,-11.363, 4,  -0.322,  0.059, -0.075, 5,  -5.763,  6.194, 48.723
1177573.59463, 3,   2.170,  3.434,-11.437, 4,  -0.260,  0.079, -0.065, 5,  -6.038,  6.004, 48.497
1177573.61477, 3,   3.041,  3.411,-11.140, 4,  -0.207, -0.089, -0.037, 5,  -6.110,  6.078, 48.497
1177573.63491, 3,   3.227,  3.624,-11.241, 4,  -0.133, -0.239, -0.010, 5,  -6.540,  6.505, 49.196
1177573.65506, 3,   2.943,  3.636,-12.325, 4,  -0.045, -0.278, -0.070, 5,  -6.628,  4.280, 50.470
1177573.67520, 3,   1.926,  3.490,-12.548, 4,  -0.055, -0.042, -0.112, 5,  -6.628,  3.830, 50.690
1177573.69534, 3,   2.797,  3.669,-11.541, 4,  -0.309,  0.128, -0.077, 5,  -6.323,  2.914, 50.394
1177573.71548, 3,   2.942,  3.599,-10.770, 4,  -0.460,  0.135,  0.006, 5,  -6.435,  3.859, 48.717
1177573.73562, 3,   2.382,  3.512,-10.733, 4,  -0.513,  0.220, -0.036, 5,  -6.454,  4.002, 48.497
1177573.75576, 3,   1.807,  3.553, -9.936, 4,  -0.544,  0.429, -0.070, 5,  -7.556,  3.529, 48.959
1177573.77591, 3,   2.136,  3.541, -9.593, 4,  -0.525,  0.360, -0.080, 5,  -7.826,  3.323, 48.848
1177573.79605, 3,   2.598,  4.032,-11.360, 4,  -0.294,  0.183, -0.103, 5,  -7.838,  3.311, 48.834
1177573.81619, 3,   2.485,  3.788,-11.059, 4,  -0.224,  0.278, -0.078, 5,  -8.829,  3.311, 49.158
1177573.83633, 3,   2.493,  3.706, -9.930, 4,  -0.519,  0.511, -0.060, 5,  -6.856,  1.964, 49.501
1177573.85647, 3,   1.715,  3.693, -9.356, 4,  -0.654,  0.602, -0.090, 5,  -6.801,  1.929, 49.509
1177573.87661, 3,   2.230,  3.729, -9.219, 4,  -0.538,  0.513, -0.109, 5,  -9.048,  1.410, 46.640
1177573.89676, 3,   2.697,  3.993, -9.637, 4,  -0.378,  0.390, -0.048, 5,  -9.566, -0.145, 49.171
1177573.91690, 3,   2.281,  3.891,-10.619, 4,  -0.230,  0.330, -0.110, 5,  -9.563, -0.108, 49.193
1177573.93704, 3,   2.386,  3.873,-10.401, 4,  -0.176,  0.355, -0.141, 5,  -9.453,  1.234, 49.913
1177573.95718, 3,   3.061,  4.052, -9.851, 4,  -0.251,  0.350, -0.102, 5, -10.258, -1.183, 48.497
1177573.97732, 3,   2.703,  3.972,-10.879, 4,  -0.183,  0.274, -0.130, 5, -10.167, -1.064, 48.485
1177573.99746, 3,   3.095,  3.822,-10.627, 4,  -0.059,  0.302, -0.142, 5,  -9.381,  0.081, 48.531
1177574.01761, 3,   2.929,  3.718,-10.424, 4,  -0.053,  0.223, -0.164, 5, -11.813, -2.048, 50.015
1177574.03775, 3,   2.839,  3.780,-11.150, 4,   0.051,  0.098, -0.177, 5, -11.789, -1.974, 49.751
1177574.05789, 3,   3.224,  3.740,-10.994, 4,   0.164, -0.008, -0.136, 5, -11.713, -1.553, 48.184
1177574.07803, 3,   3.149,  3.762,-10.762, 4,   0.182, -0.152, -0.119, 5, -12.160, -1.701, 48.328
1177574.09817, 3,   3.238,  3.916,-11.484, 4,   0.201, -0.143, -0.115, 5, -12.160, -1.653, 48.376
1177574.11831, 3,   3.260,  3.987,-11.755, 4,   0.212,  0.013, -0.090, 5, -12.067, -1.450, 48.697
1177574.13845, 3,   2.674,  3.872,-11.819, 4,   0.097,  0.171, -0.098, 5, -11.641, -1.874, 48.834
1177574.15860, 3,   2.730,  3.818,-10.935, 4,  -0.033,  0.291, -0.049, 5, -11.606, -1.984, 49.013
1177574.17874, 3,   3.257,  4.080,-10.741, 4,  -0.036,  0.111, -0.030, 5, -11.647, -2.499, 49.229
1177574.19888, 3,   3.120,  4.111,-11.467, 4,   0.114, -0.023, -0.030, 5, -12.332, -2.911, 47.484
1177574.21902, 3,   3.300,  4.249,-11.792, 4,   0.202, -0.083, -0.063, 5, -11.722, -2.650, 47.569
1177574.23916, 3,   3.086,  4.204,-11.800, 4,   0.163, -0.075, -0.068, 5, -10.408, -1.830, 47.865
1177574.25930, 3,   3.016,  4.107,-11.359, 4,   0.099, -0.023, -0.073, 5, -11.813, -1.701, 47.990
1177574.27945, 3,   3.113,  4.202,-11.573, 4,   0.074, -0.021, -0.053, 5, -11.502, -1.910, 48.296
1177574.29959, 3,   3.303,  4.307,-12.004, 4,   0.112, -0.010, -0.030, 5, -11.218, -2.393, 48.682
1177574.31973, 3,   3.261,  4.302,-11.887, 4,   0.107, -0.035, -0.064, 5, -12.160, -2.393, 47.990
1177574.33987, 3,   2.989,  4.160,-11.353, 4,   0.006,  0.024, -0.088, 5, -11.864, -2.216, 48.050
1177574.36001, 3,   2.738,  4.073,-11.106, 4,  -0.056,  0.094, -0.085, 5, -11.543, -1.007, 48.402
1177574.38015, 3,   2.771,  4.052,-11.158, 4,  -0.000,  0.048, -0.067, 5, -11.986,  0.546, 48.834
1177574.40030, 3,   3.004,  4.137,-11.627, 4,   0.115, -0.076, -0.060, 5, -12.123,  0.137, 48.436
1177574.42044, 3,   2.786,  4.058,-11.737, 4,   0.147, -0.075, -0.054, 5, -12.332, -0.632, 47.958
1177574.44058, 3,   2.767,  3.929,-11.113, 4,   0.067,  0.021, -0.039, 5, -12.332, -0.838, 48.160
1177574.46072, 3,   2.893,  3.904,-11.137, 4,   0.050, -0.010, -0.024, 5, -12.407, -0.912, 48.087
1177574.48086, 3,   3.070,  4.060,-11.837, 4,   0.172, -0.119, -0.013, 5, -11.871, -0.694, 47.990
1177574.50100, 3,   3.207,  4.120,-12.366, 4,   0.233, -0.106, -0.007, 5, -11.122, -0.319, 47.990
1177574.52115, 3,   3.163,  4.054,-12.072, 4,   0.129,  0.016, -0.008, 5, -11.371, -0.403, 47.749
1177574.54129, 3,   3.143,  4.082,-11.699, 4,  -0.016,  0.059, -0.023, 5, -11.983, -0.833, 47.984
1177574.56143, 3,   3.229,  4.110,-11.882, 4,  -0.040,  0.028, -0.030, 5, -12.332, -1.183, 48.497
1177574.58157, 3,   3.384,  4.196,-12.279, 4,  -0.013,  0.019, -0.031, 5, -12.424, -0.911, 48.940
1177574.60171, 3,   3.258,  4.213,-11.918, 4,  -0.069,  0.064, -0.036, 5, -11.948, -1.036, 48.978
1177574.62185, 3,   2.838,  4.122,-11.091, 4,  -0.211,  0.081, -0.049, 5, -11.469, -1.355, 48.665
