Time[s], Lat[deg], Lon[deg], he[m], vx[ms], vy[ms], vz[ms]
No 3D fix available
1497889674.7, 52.5457200, 13.3553550, 33.5, -0.000, 0.005, 0.000
1497889675.7, 52.5457200, 13.3553550, 33.5, -0.000, 0.000, 0.000
1497889676.7, 52.5457200, 13.3553550, 33.5, 0.000, 0.000, 0.000
1497889677.7, 52.5457200, 13.3553550, 33.5, 0.000, 0.000, 0.000
1497889678.7, 52.5457200, 13.3553550, 33.5, 0.000, 0.000, 0.000
1497889679.7, 52.5457200, 13.3553550, 33.5, -0.000, 0.000, 0.000
1497889680.7, 52.5457200, 13.3553550, 33.5, -0.000, -0.000, 0.000
1497889681.7, 52.5457200, 13.3553550, 33.4, -0.000, -0.000, -0.100
1497889682.7, 52.5457200, 13.3553550, 33.4, 0.000, -0.000, 0.000
1497889683.7, 52.5457200, 13.3553550, 33.4, 0.000, -0.000, 0.000
1497889684.7, 52.5457200, 13.3553550, 33.4, -0.000, -0.000, 0.000
1497889685.7, 52.5457200, 13.3553550, 33.4, -0.000, -0.000, 0.000
1497889686.7, 52.5457200, 13.3553550, 33.4, -0.000, 0.000, 0.000
1497889687.7, 52.5457200, 13.3553550, 33.4, -0.000, 0.000, 0.000
1497889688.7, 52.5457200, 13.3553550, 33.4, -0.000, 0.000, 0.000
1497889689.7, 52.5457183, 13.3553550, 33.4, -0.000, 0.000, 0.000
1497889690.7, 52.5457183, 13.3553550, 33.4, -0.000, -0.000, 0.000
1497889691.7, 52.5457183, 13.3553550, 33.4, -0.000, 0.000, 0.000
1497889692.7, 52.5457183, 13.3553550, 33.5, -0.000, -0.000, 0.100
1497889693.7, 52.5457183, 13.3553550, 33.5, -0.000, -0.000, 0.000
1497889694.7, 52.5457183, 13.3553550, 33.4, 0.000, 0.000, -0.100
1497889695.7, 52.5457183, 13.3553550, 33.4, -0.000, -0.000, 0.000
1497889696.7, 52.5457183, 13.3553550, 33.4, 0.000, -0.000, 0.000
1497889697.7, 52.5457183, 13.3553550, 33.3, -0.000, -0.000, -0.100
1497889698.7, 52.5457183, 13.3553550, 33.3, 0.000, 0.000, 0.000
1497889699.7, 52.5457183, 13.3553517, 33.2, 0.000, -0.000, -0.100
1497889700.7, 52.5457167, 13.3553517, 33.1, -0.000, 0.000, -0.100
1497889701.7, 52.5457167, 13.3553517, 33.1, -0.000, 0.000, 0.000
1497889702.8, 52.5457167, 13.3553517, 33.1, 0.000, 0.000, 0.000
1497889703.8, 52.5457167, 13.3553517, 33.1, 0.000, -0.000, 0.000
1497889704.8, 52.5457167, 13.3553517, 33.1, -0.000, -0.000, 0.000
1497889705.8, 52.5457167, 13.3553517, 33.1, -0.000, -0.000, 0.000
1497889706.8, 52.5457167, 13.3553517, 33.1, -0.000, 0.000, 0.000
1497889707.8, 52.5457167, 13.3553517, 33.1, -0.000, -0.000, 0.000
1497889708.8, 52.5457167, 13.3553517, 33.1, 0.000, 0.000, 0.000
1497889709.8, 52.5457167, 13.3553517, 33.1, 0.000, 0.000, 0.000
1497889710.8, 52.5457167, 13.3553517, 33.1, -0.000, -0.000, 0.000
1497889711.8, 52.5457167, 13.3553517, 33.1, -0.000, 0.000, 0.000
1497889712.8, 52.5457167, 13.3553517, 33.1, 0.000, 0.000, 0.000
1497889713.8, 52.5457167, 13.3553517, 33.1, 0.000, -0.000, 0.000
1497889714.8, 52.5457167, 13.3553517, 33.1, -0.000, -0.000, 0.000
1497889715.8, 52.5457167, 13.3553517, 33.1, 0.000, -0.000, 0.000
1497889716.8, 52.5457167, 13.3553517, 33.1, -0.000, 0.000, 0.000
1497889717.8, 52.5457167, 13.3553517, 33.1, -0.000, 0.000, 0.000
1497889718.8, 52.5457167, 13.3553533, 33.1, -0.000, 0.000, 0.000
1497889719.8, 52.5457167, 13.3553517, 33.0, -0.000, 0.000, -0.100
1497889720.8, 52.5457150, 13.3553517, 33.0, 0.000, 0.000, 0.000
1497889721.8, 52.5457150, 13.3553517, 33.0, -0.000, 0.000, 0.000
1497889722.8, 52.5457150, 13.3553517, 32.9, -0.000, 0.000, -0.100
1497889723.8, 52.5457133, 13.3553500, 32.8, 0.000, 0.000, -0.100
1497889724.8, 52.5457133, 13.3553517, 32.8, 0.000, 0.000, 0.000
1497889725.8, 52.5457133, 13.3553500, 32.7, -0.000, 0.000, -0.100
1497889726.8, 52.5457133, 13.3553517, 32.8, -0.000, 0.000, 0.100
1497889727.8, 52.5457133, 13.3553517, 32.8, 0.000, 0.000, 0.000
1497889728.8, 52.5457117, 13.3553517, 32.8, -0.000, 0.000, 0.000
1497889729.8, 52.5457117, 13.3553517, 32.7, -0.000, 0.000, -0.100
1497889730.8, 52.5457117, 13.3553500, 32.6, 0.000, -0.000, -0.100
1497889731.9, 52.5457100, 13.3553517, 32.7, -0.000, 0.000, 0.100
1497889732.9, 52.5457100, 13.3553517, 32.7, 0.000, -0.000, 0.000
1497889733.9, 52.5457100, 13.3553517, 32.7, -0.000, 0.000, 0.000
1497889734.9, 52.5457100, 13.3553533, 32.7, -0.000, 0.000, 0.000
1497889735.9, 52.5457083, 13.3553550, 32.7, 0.000, -0.000, 0.000
1497889736.9, 52.5457083, 13.3553533, 32.7, -0.000, 0.000, 0.000
1497889737.9, 52.5457083, 13.3553550, 32.7, -0.000, 0.000, 0.000
1497889738.9, 52.5457083, 13.3553550, 32.7, -0.000, 0.000, 0.000
1497889739.9, 52.5457067, 13.3553550, 32.7, -0.000, -0.000, 0.000
1497889740.9, 52.5457067, 13.3553533, 32.6, -0.000, 0.000, -0.100
1497889741.9, 52.5457067, 13.3553533, 32.6, 0.000, -0.000, 0.000
1497889742.9, 52.5457050, 13.3553533, 32.6, -0.000, 0.000, 0.000
1497889743.9, 52.5457050, 13.3553533, 32.6, -0.000, 0.000, 0.000
1497889744.9, 52.5457050, 13.3553533, 32.6, -0.000, 0.000, 0.000
1497889745.9, 52.5457033, 13.3553533, 32.6, -0.000, 0.000, 0.000
1497889746.9, 52.5457033, 13.3553533, 32.6, -0.000, 0.000, 0.000
1497889747.9, 52.5457033, 13.3553533, 32.6, 0.000, -0.000, 0.000
1497889748.9, 52.5457033, 13.3553533, 32.6, 0.000, 0.000, 0.000
1497889749.9, 52.5457017, 13.3553533, 32.7, 0.000, 0.000, 0.100
1497889750.9, 52.5457017, 13.3553550, 32.7, -0.000, -0.000, 0.000
1497889751.9, 52.5457017, 13.3553550, 32.7, 0.000, 0.000, 0.000
1497889752.9, 52.5457017, 13.3553550, 32.7, -0.000, -0.000, 0.000
1497889753.9, 52.5457017, 13.3553550, 32.7, 0.000, -0.000, 0.000
1497889754.9, 52.5457017, 13.3553550, 32.7, 0.000, -0.000, 0.000
1497889755.9, 52.5457017, 13.3553550, 32.8, 0.000, -0.000, 0.100
1497889756.9, 52.5457017, 13.3553550, 32.8, -0.000, -0.000, 0.000
1497889757.9, 52.5457017, 13.3553550, 32.9, 0.000, -0.000, 0.100
1497889758.9, 52.5457017, 13.3553550, 32.9, 0.000, -0.000, 0.000
1497889759.9, 52.5457033, 13.3553533, 32.9, 0.000, -0.000, 0.000
1497889760.9, 52.5457017, 13.3553533, 32.9, -0.000, -0.000, 0.000
1497889762.0, 52.5457017, 13.3553533, 32.9, 0.000, -0.000, 0.000
1497889763.0, 52.5457017, 13.3553533, 32.9, -0.000, -0.000, 0.000
1497889764.0, 52.5457017, 13.3553533, 32.9, 0.000, 0.000, 0.000
1497889765.0, 52.5457017, 13.3553533, 32.9, 0.000, -0.000, 0.000
1497889766.0, 52.5457017, 13.3553533, 32.9, 0.000, -0.000, 0.000
1497889767.0, 52.5457017, 13.3553533, 32.9, -0.000, 0.000, 0.000
1497889768.0, 52.5457017, 13.3553533, 32.9, -0.000, -0.000, 0.000
1497889769.0, 52.5457017, 13.3553533, 32.9, -0.000, -0.000, 0.000
1497889770.0, 52.5457017, 13.3553533, 32.9, -0.000, -0.000, 0.000
1497889771.0, 52.5457017, 13.3553533, 32.9, 0.000, 0.000, 0.000
1497889772.0, 52.5457017, 13.3553533, 32.9, 0.000, 0.000, 0.000
1497889773.0, 52.5457017, 13.3553533, 32.9, 0.000, -0.000, 0.000
1497889774.0, 52.5457017, 13.3553533, 32.9, -0.000, -0.000, 0.000
1497889775.0, 52.5457017, 13.3553533, 32.9, -0.000, -0.000, 0.000
1497889776.0, 52.5457017, 13.3553533, 32.9, 0.000, 0.000, 0.000
1497889777.0, 52.5457017, 13.3553533, 32.9, 0.000, -0.000, 0.000
1497889778.0, 52.5457017, 13.3553533, 32.9, 0.000, 0.000, 0.000
1497889779.0, 52.5457017, 13.3553533, 32.9, 0.000, 0.000, 0.000
1497889780.0, 52.5457017, 13.3553533, 32.9, -0.000, 0.000, 0.000
1497889781.0, 52.5457017, 13.3553533, 32.9, -0.000, -0.000, 0.000
1497889782.0, 52.5457017, 13.3553533, 32.9, -0.000, -0.000, 0.000
1497889783.0, 52.5457017, 13.3553533, 32.9, -0.000, -0.000, 0.000
1497889784.0, 52.5457017, 13.3553533, 32.9, -0.000, -0.000, 0.000
1497889785.0, 52.5457017, 13.3553533, 32.9, -0.000, 0.000, 0.000
1497889786.0, 52.5457017, 13.3553533, 32.9, -0.000, -0.000, 0.000
1497889787.0, 52.5457017, 13.3553533, 32.9, 0.000, 0.000, 0.000
1497889788.1, 52.5457017, 13.3553533, 32.9, -0.000, -0.000, 0.000
1497889789.1, 52.5457017, 13.3553533, 32.9, 0.000, 0.000, 0.000
1497889790.1, 52.5457017, 13.3553533, 32.9, -0.000, 0.000, 0.000
1497889791.1, 52.5457017, 13.3553533, 32.9, 0.000, -0.000, 0.000
1497889792.1, 52.5457017, 13.3553533, 33.0, 0.000, -0.000, 0.100
1497889793.1, 52.5457017, 13.3553533, 33.0, -0.000, -0.000, 0.000
1497889794.1, 52.5457017, 13.3553533, 33.0, 0.000, -0.000, 0.000
1497889795.1, 52.5457017, 13.3553533, 33.0, 0.000, -0.000, 0.000
1497889796.1, 52.5457017, 13.3553533, 33.0, -0.000, -0.000, 0.000
1497889797.1, 52.5457017, 13.3553533, 33.0, 0.000, -0.000, 0.000
1497889798.1, 52.5457017, 13.3553533, 33.0, -0.000, -0.000, 0.000
1497889799.1, 52.5457017, 13.3553533, 33.0, -0.000, -0.000, 0.000
1497889800.1, 52.5457017, 13.3553533, 33.0, 0.000, 0.000, 0.000
1497889801.1, 52.5457017, 13.3553533, 33.0, -0.000, -0.000, 0.000
1497889802.1, 52.5457017, 13.3553533, 33.0, -0.000, -0.000, 0.000
1497889803.1, 52.5457017, 13.3553533, 33.0, -0.000, -0.000, 0.000
1497889804.1, 52.5457017, 13.3553533, 33.0, -0.000, -0.000, 0.000
1497889805.1, 52.5457017, 13.3553533, 33.0, -0.000, 0.000, 0.000
1497889806.1, 52.5457017, 13.3553533, 33.0, 0.000, -0.000, 0.000
1497889807.1, 52.5457017, 13.3553533, 33.0, -0.000, -0.000, 0.000
1497889808.1, 52.5457017, 13.3553533, 33.0, -0.000, 0.000, 0.000
1497889809.1, 52.5457017, 13.3553533, 33.0, -0.000, -0.000, 0.000
1497889810.1, 52.5457017, 13.3553533, 33.0, -0.000, 0.000, 0.000
1497889811.1, 52.5457017, 13.3553533, 33.0, -0.000, -0.000, 0.000
1497889812.1, 52.5457017, 13.3553533, 33.0, 0.000, 0.000, 0.000
1497889813.1, 52.5457017, 13.3553533, 33.0, 0.000, -0.000, 0.000
1497889814.1, 52.5457017, 13.3553533, 33.0, 0.000, -0.000, 0.000
1497889815.1, 52.5457000, 13.3553500, 33.1, -0.000, -0.000, 0.100
1497889816.2, 52.5457000, 13.3553517, 33.1, -0.000, -0.000, 0.000
1497889817.2, 52.5457000, 13.3553517, 33.2, -0.000, -0.000, 0.100
1497889818.2, 52.5457000, 13.3553517, 33.2, -0.000, -0.000, 0.000
1497889819.2, 52.5457017, 13.3553500, 33.3, -0.000, -0.000, 0.100
1497889820.2, 52.5457033, 13.3553483, 33.3, 0.000, -0.000, 0.000
1497889821.2, 52.5457033, 13.3553433, 33.3, 0.000, -0.000, 0.000
1497889822.2, 52.5457033, 13.3553467, 33.4, 0.000, -0.000, 0.100
1497889823.2, 52.5457033, 13.3553467, 33.5, 0.000, -0.000, 0.100
1497889824.2, 52.5457033, 13.3553433, 33.6, -0.000, -0.000, 0.100
1497889825.2, 52.5457033, 13.3553450, 33.6, 0.000, -0.000, 0.000
1497889826.2, 52.5457033, 13.3553467, 33.8, 0.000, -0.000, 0.200
1497889827.2, 52.5457033, 13.3553483, 33.9, -0.000, -0.000, 0.100
1497889828.2, 52.5457033, 13.3553500, 34.0, 0.000, 0.000, 0.100
1497889829.2, 52.5457033, 13.3553500, 34.1, 0.000, 0.000, 0.100
1497889830.2, 52.5457017, 13.3553500, 34.1, -0.000, 0.000, 0.000
1497889831.2, 52.5457017, 13.3553483, 34.2, 0.000, -0.000, 0.100
1497889832.2, 52.5457017, 13.3553467, 34.4, -0.000, -0.000, 0.200
1497889833.2, 52.5457017, 13.3553450, 34.5, 0.000, -0.000, 0.100
1497889834.2, 52.5457017, 13.3553417, 34.4, -0.000, -0.000, -0.100
1497889835.2, 52.5457033, 13.3553417, 34.5, 0.000, 0.000, 0.100
1497889836.2, 52.5457033, 13.3553400, 34.6, 0.000, -0.000, 0.100
1497889837.2, 52.5457017, 13.3553350, 34.7, -0.000, -0.000, 0.100
1497889838.2, 52.5457017, 13.3553383, 34.9, -0.000, 0.000, 0.200
1497889839.2, 52.5457017, 13.3553383, 35.0, -0.000, -0.000, 0.100
1497889840.2, 52.5457017, 13.3553350, 35.0, 0.000, -0.000, 0.000
1497889841.2, 52.5457000, 13.3553350, 35.0, -0.000, -0.000, 0.000
1497889842.2, 52.5457000, 13.3553350, 35.1, -0.000, 0.000, 0.100
1497889843.2, 52.5457000, 13.3553333, 35.2, 0.000, -0.000, 0.100
1497889844.3, 52.5457000, 13.3553317, 35.1, 0.000, -0.000, -0.100
1497889845.3, 52.5457000, 13.3553300, 35.2, -0.000, -0.000, 0.100
1497889846.3, 52.5457000, 13.3553283, 35.3, -0.000, -0.000, 0.100
1497889847.3, 52.5457000, 13.3553267, 35.3, 0.000, -0.000, 0.000
1497889848.3, 52.5457000, 13.3553267, 35.5, -0.000, 0.000, 0.200
No 3D fix available
1497889850.3, 52.5457033, 13.3553267, 35.6, 0.000, -0.000, 0.000
1497889851.3, 52.5457017, 13.3553233, 35.7, -0.000, -0.000, 0.100
1497889852.3, 52.5457033, 13.3553250, 35.8, -0.000, 0.000, 0.100
1497889853.3, 52.5457050, 13.3553267, 35.9, 0.000, 0.000, 0.100
No 3D fix available
No 3D fix available
No 3D fix available
No 3D fix available
No 3D fix available
1497889859.3, 52.5457117, 13.3553300, 36.4, -0.000, 0.000, 0.000
1497889860.3, 52.5457117, 13.3553300, 36.4, 0.000, 0.000, 0.000
No 3D fix available
1497889862.3, 52.5457133, 13.3553300, 36.5, 0.000, -0.000, 0.100
No 3D fix available
No 3D fix available
No 3D fix available
No 3D fix available
No 3D fix available
No 3D fix available
No 3D fix available
No 3D fix available
No 3D fix available
No 3D fix available
No 3D fix available
No 3D fix available
No 3D fix available
No 3D fix available
No 3D fix available
No 3D fix available
No 3D fix available
No 3D fix available
No 3D fix available
No 3D fix available
No 3D fix available
No 3D fix available
No 3D fix available
No 3D fix available
No 3D fix available
No 3D fix available
No 3D fix available
No 3D fix available
No 3D fix available
No 3D fix available
No 3D fix available
No 3D fix available
1497889895.4, 52.5457217, 13.3553350, 37.4, -0.000, -0.000, 0.100
1497889896.4, 52.5457250, 13.3553367, 37.5, 0.000, -0.000, 0.100
No 3D fix available
No 3D fix available
No 3D fix available
1497889900.5, 52.5457317, 13.3553433, 38.0, 0.000, 0.000, 0.100
No 3D fix available
1497889902.5, 52.5457350, 13.3553517, 38.4, 0.000, 0.000, 0.200
No 3D fix available
1497889904.5, 52.5457350, 13.3553517, 38.4, 0.000, -0.000, 0.000
1497889905.5, 52.5457367, 13.3553533, 38.4, -0.000, -0.000, 0.000
1497889906.5, 52.5457367, 13.3553550, 38.5, -0.000, -0.000, 0.100
1497889907.5, 52.5457383, 13.3553583, 38.7, -0.000, 0.000, 0.200
No 3D fix available
1497889909.5, 52.5457417, 13.3553633, 38.9, 0.000, 0.000, 0.100
1497889910.5, 52.5457450, 13.3553700, 38.9, 0.000, 0.000, 0.000
1497889911.5, 52.5457483, 13.3553733, 39.1, 0.000, -0.000, 0.200
1497889912.5, 52.5457500, 13.3553767, 39.2, 0.000, 0.000, 0.100
No 3D fix available
1497889914.5, 52.5457550, 13.3553800, 39.5, 0.000, -0.000, 0.100
1497889915.5, 52.5457567, 13.3553817, 39.6, 0.000, -0.000, 0.100
1497889916.5, 52.5457600, 13.3553850, 39.6, 0.000, 0.000, 0.000
1497889917.5, 52.5457617, 13.3553883, 39.7, 0.000, 0.000, 0.100
No 3D fix available
1497889919.5, 52.5457633, 13.3553917, 39.8, 0.000, -0.000, 0.100
1497889920.5, 52.5457650, 13.3553933, 39.8, -0.000, 0.000, 0.000
1497889921.5, 52.5457650, 13.3553950, 39.9, 0.000, -0.000, 0.100
1497889922.5, 52.5457667, 13.3553983, 40.0, 0.000, 0.000, 0.100
No 3D fix available
1497889924.5, 52.5457683, 13.3554067, 40.1, 0.000, 0.000, 0.000
1497889925.5, 52.5457683, 13.3554100, 40.2, 0.000, 0.000, 0.100
1497889926.5, 52.5457700, 13.3554100, 40.3, 0.000, -0.000, 0.100
1497889927.6, 52.5457683, 13.3554133, 40.3, -0.000, 0.000, 0.000
No 3D fix available
1497889929.6, 52.5457683, 13.3554167, 40.5, 0.000, -0.000, 0.100
1497889930.6, 52.5457700, 13.3554183, 40.7, -0.000, 0.000, 0.200
1497889931.6, 52.5457700, 13.3554183, 40.6, -0.000, 0.000, -0.100
1497889932.6, 52.5457700, 13.3554183, 40.6, -0.000, -0.000, 0.000
No 3D fix available
1497889934.6, 52.5457700, 13.3554183, 40.6, -0.000, 0.000, 0.000
1497889935.6, 52.5457700, 13.3554183, 40.6, 0.000, 0.000, 0.000
1497889936.6, 52.5457700, 13.3554183, 40.6, 0.000, -0.000, 0.000
1497889937.6, 52.5457700, 13.3554183, 40.6, -0.000, -0.000, 0.000
No 3D fix available
1497889939.6, 52.5457700, 13.3554183, 40.6, 0.000, -0.000, 0.000
1497889940.6, 52.5457700, 13.3554183, 40.6, 0.000, 0.000, 0.000
1497889941.6, 52.5457700, 13.3554183, 40.6, -0.000, 0.000, 0.000
1497889942.6, 52.5457700, 13.3554183, 40.6, -0.000, -0.000, 0.000
No 3D fix available
1497889944.6, 52.5457700, 13.3554183, 40.6, 0.000, -0.000, 0.000
1497889945.6, 52.5457700, 13.3554183, 40.6, 0.000, 0.000, 0.000
1497889946.6, 52.5457700, 13.3554183, 40.6, 0.000, 0.000, 0.000
1497889947.6, 52.5457717, 13.3554200, 40.7, 0.000, 0.000, 0.100
No 3D fix available
1497889949.6, 52.5457733, 13.3554233, 40.7, 0.000, 0.000, 0.000
1497889950.6, 52.5457750, 13.3554250, 40.8, 0.000, 0.000, 0.100
1497889951.6, 52.5457750, 13.3554250, 40.8, 0.000, 0.000, 0.000
1497889952.6, 52.5457750, 13.3554250, 40.8, 0.000, 0.000, 0.000
No 3D fix available
1497889954.6, 52.5457750, 13.3554283, 40.9, -0.000, 0.000, 0.100
1497889955.6, 52.5457767, 13.3554300, 41.1, -0.000, 0.000, 0.200
1497889956.6, 52.5457767, 13.3554300, 41.2, -0.000, -0.000, 0.100
1497889957.7, 52.5457783, 13.3554283, 41.3, -0.000, -0.000, 0.100
No 3D fix available
1497889959.7, 52.5457800, 13.3554267, 41.6, 0.000, -0.000, 0.100
1497889960.7, 52.5457817, 13.3554267, 41.7, 0.000, -0.000, 0.100
1497889961.7, 52.5457833, 13.3554267, 41.8, 0.000, -0.000, 0.100
1497889962.7, 52.5457850, 13.3554283, 41.9, 0.000, -0.000, 0.100
No 3D fix available
1497889964.7, 52.5457867, 13.3554267, 42.1, 0.000, -0.000, 0.100
1497889965.7, 52.5457867, 13.3554250, 42.2, 0.000, -0.000, 0.100
1497889966.7, 52.5457867, 13.3554267, 42.3, -0.000, -0.000, 0.100
1497889967.7, 52.5457883, 13.3554267, 42.4, 0.000, -0.000, 0.100
No 3D fix available
1497889969.7, 52.5457883, 13.3554267, 42.5, 0.000, -0.000, 0.000
1497889970.7, 52.5457883, 13.3554283, 42.6, 0.000, 0.000, 0.100
1497889971.7, 52.5457883, 13.3554283, 42.8, -0.000, -0.000, 0.200
1497889972.7, 52.5457883, 13.3554267, 42.8, -0.000, -0.000, 0.000
No 3D fix available
1497889974.7, 52.5457900, 13.3554267, 43.0, 0.000, -0.000, 0.100
1497889975.7, 52.5457917, 13.3554283, 43.1, 0.000, -0.000, 0.100
1497889976.7, 52.5457917, 13.3554283, 43.1, 0.000, -0.000, 0.000
1497889977.7, 52.5457933, 13.3554283, 43.2, 0.000, -0.000, 0.100
1497889978.7, 52.5457917, 13.3554283, 43.3, -0.000, 0.000, 0.100
1497889979.7, 52.5457917, 13.3554300, 43.3, -0.000, 0.000, 0.000
1497889980.7, 52.5457917, 13.3554283, 43.4, -0.000, -0.000, 0.100
1497889981.7, 52.5457917, 13.3554283, 43.4, -0.000, 0.000, 0.000
1497889982.7, 52.5457917, 13.3554283, 43.5, 0.000, -0.000, 0.100
1497889983.7, 52.5457900, 13.3554267, 43.6, -0.000, -0.000, 0.100
1497889984.7, 52.5457883, 13.3554250, 43.7, -0.000, -0.000, 0.100
1497889985.7, 52.5457900, 13.3554267, 43.8, 0.000, -0.000, 0.100
1497889986.8, 52.5457900, 13.3554267, 43.8, 0.000, -0.000, 0.000
1497889987.8, 52.5457917, 13.3554267, 43.9, 0.000, 0.000, 0.100
1497889988.8, 52.5457917, 13.3554267, 43.9, 0.000, -0.000, 0.000
1497889989.8, 52.5457933, 13.3554283, 43.9, 0.000, -0.000, 0.000
1497889990.8, 52.5457933, 13.3554283, 44.0, 0.000, -0.000, 0.100
1497889991.8, 52.5457950, 13.3554300, 44.1, 0.000, 0.000, 0.100
1497889992.8, 52.5457950, 13.3554333, 44.2, 0.000, 0.000, 0.100
1497889993.8, 52.5457967, 13.3554367, 44.4, -0.000, 0.000, 0.200
1497889994.8, 52.5457967, 13.3554367, 44.5, -0.000, 0.000, 0.100
1497889995.8, 52.5457967, 13.3554383, 44.5, -0.000, 0.000, 0.000
1497889996.8, 52.5457967, 13.3554417, 44.6, -0.000, 0.000, 0.100
1497889997.8, 52.5457967, 13.3554417, 44.6, 0.000, -0.000, 0.000
1497889998.8, 52.5457967, 13.3554417, 44.6, -0.000, -0.000, 0.000
1497889999.8, 52.5457967, 13.3554417, 44.6, 0.000, -0.000, 0.000
1497890000.8, 52.5457967, 13.3554417, 44.6, 0.000, 0.000, 0.000
1497890001.8, 52.5457967, 13.3554417, 44.6, 0.000, 0.000, 0.000
1497890002.8, 52.5457967, 13.3554417, 44.6, -0.000, -0.000, 0.000
1497890003.8, 52.5457967, 13.3554417, 44.6, 0.000, -0.000, 0.000
1497890004.8, 52.5457967, 13.3554417, 44.7, 0.000, -0.000, 0.100
1497890005.8, 52.5457967, 13.3554417, 44.7, 0.000, 0.000, 0.000
1497890006.8, 52.5457967, 13.3554417, 44.7, 0.000, -0.000, 0.000
1497890007.8, 52.5457967, 13.3554417, 44.7, 0.000, 0.000, 0.000
1497890008.8, 52.5457967, 13.3554417, 44.7, -0.000, -0.000, 0.000
1497890009.8, 52.5457967, 13.3554417, 44.7, 0.000, -0.000, 0.000
1497890010.8, 52.5457967, 13.3554417, 44.7, 0.000, -0.000, 0.000
1497890011.8, 52.5457967, 13.3554417, 44.7, -0.000, -0.000, 0.000
1497890012.8, 52.5457967, 13.3554417, 44.7, -0.000, -0.000, 0.000
1497890013.8, 52.5457967, 13.3554417, 44.7, 0.000, 0.000, 0.000
1497890014.8, 52.5457967, 13.3554417, 44.7, -0.000, -0.000, 0.000
1497890015.9, 52.5457967, 13.3554417, 44.7, 0.000, 0.000, 0.000
1497890016.9, 52.5457967, 13.3554417, 44.7, 0.000, 0.000, 0.000
1497890017.9, 52.5457967, 13.3554417, 44.7, -0.000, -0.000, 0.000
1497890018.9, 52.5457967, 13.3554417, 44.7, 0.000, 0.000, 0.000
1497890019.9, 52.5457967, 13.3554417, 44.7, -0.000, 0.000, 0.000
1497890020.9, 52.5457967, 13.3554417, 44.7, -0.000, -0.000, 0.000
1497890021.9, 52.5457967, 13.3554417, 44.7, 0.000, -0.000, 0.000
1497890022.9, 52.5457967, 13.3554417, 44.7, -0.000, 0.000, 0.000
1497890023.9, 52.5457967, 13.3554417, 44.7, 0.000, 0.000, 0.000
1497890024.9, 52.5457967, 13.3554417, 44.7, 0.000, -0.000, 0.000
1497890025.9, 52.5457967, 13.3554417, 44.7, -0.000, 0.000, 0.000
1497890026.9, 52.5457967, 13.3554417, 44.7, -0.000, -0.000, 0.000
1497890027.9, 52.5457967, 13.3554417, 44.7, 0.000, -0.000, 0.000
1497890028.9, 52.5457967, 13.3554417, 44.7, 0.000, -0.000, 0.000
1497890029.9, 52.5457967, 13.3554417, 44.7, 0.000, -0.000, 0.000
1497890030.9, 52.5457967, 13.3554417, 44.7, -0.000, -0.000, 0.000
1497890031.9, 52.5457967, 13.3554417, 44.7, -0.000, -0.000, 0.000
1497890032.9, 52.5457967, 13.3554417, 44.7, -0.000, 0.000, 0.000
1497890033.9, 52.5457967, 13.3554417, 44.7, -0.000, -0.000, 0.000
1497890034.9, 52.5457967, 13.3554417, 44.7, -0.000, 0.000, 0.000
1497890035.9, 52.5457967, 13.3554417, 44.7, 0.000, 0.000, 0.000
1497890036.9, 52.5457967, 13.3554433, 44.7, 0.000, -0.000, 0.000
1497890037.9, 52.5457967, 13.3554433, 44.7, -0.000, -0.000, 0.000
1497890038.9, 52.5457967, 13.3554433, 44.7, 0.000, 0.000, 0.000
1497890039.9, 52.5457967, 13.3554433, 44.7, 0.000, 0.000, 0.000
1497890040.9, 52.5457967, 13.3554433, 44.7, -0.000, 0.000, 0.000
1497890042.0, 52.5457967, 13.3554433, 44.7, -0.000, 0.000, 0.000
1497890043.0, 52.5457967, 13.3554433, 44.7, -0.000, 0.000, 0.000
1497890044.0, 52.5457967, 13.3554433, 44.7, 0.000, 0.000, 0.000
1497890045.0, 52.5457967, 13.3554433, 44.7, -0.000, 0.000, 0.000
1497890046.0, 52.5457967, 13.3554433, 44.7, -0.000, 0.000, 0.000
1497890047.0, 52.5457967, 13.3554433, 44.7, -0.000, 0.000, 0.000
1497890048.0, 52.5457967, 13.3554433, 44.7, 0.000, -0.000, 0.000
1497890049.0, 52.5457967, 13.3554433, 44.7, -0.000, 0.000, 0.000
1497890050.0, 52.5457967, 13.3554433, 44.7, 0.000, -0.000, 0.000
1497890051.0, 52.5457967, 13.3554433, 44.7, 0.000, -0.000, 0.000
1497890052.0, 52.5457967, 13.3554433, 44.7, -0.000, 0.000, 0.000
1497890053.0, 52.5457967, 13.3554433, 44.7, 0.000, -0.000, 0.000
1497890054.0, 52.5457967, 13.3554433, 44.7, -0.000, -0.000, 0.000
1497890055.0, 52.5457967, 13.3554433, 44.7, 0.000, 0.000, 0.000
1497890056.0, 52.5457967, 13.3554433, 44.7, -0.000, 0.000, 0.000
1497890057.0, 52.5457967, 13.3554433, 44.7, -0.000, 0.000, 0.000
1497890058.0, 52.5457967, 13.3554433, 44.7, -0.000, 0.000, 0.000
1497890059.0, 52.5457967, 13.3554433, 44.7, 0.000, -0.000, 0.000
1497890060.0, 52.5457967, 13.3554433, 44.7, 0.000, 0.000, 0.000
1497890061.0, 52.5457967, 13.3554433, 44.7, -0.000, 0.000, 0.000
1497890062.0, 52.5457967, 13.3554433, 44.7, 0.000, -0.000, 0.000
1497890063.0, 52.5457967, 13.3554433, 44.7, 0.000, 0.000, 0.000
1497890064.0, 52.5457967, 13.3554433, 44.7, 0.000, 0.000, 0.000
1497890065.0, 52.5457967, 13.3554433, 44.7, 0.000, 0.000, 0.000
1497890066.0, 52.5457967, 13.3554433, 44.7, 0.000, -0.000, 0.000
1497890067.0, 52.5457967, 13.3554433, 44.7, -0.000, 0.000, 0.000
1497890068.0, 52.5457967, 13.3554433, 44.7, 0.000, 0.000, 0.000
1497890069.0, 52.5457967, 13.3554433, 44.7, -0.000, 0.000, 0.000
1497890070.1, 52.5457967, 13.3554433, 44.7, -0.000, -0.000, 0.000
1497890071.1, 52.5457967, 13.3554433, 44.7, -0.000, -0.000, 0.000
1497890072.1, 52.5457967, 13.3554433, 44.7, -0.000, 0.000, 0.000
1497890073.1, 52.5457967, 13.3554433, 44.7, 0.000, -0.000, 0.000
1497890074.1, 52.5457967, 13.3554433, 44.7, -0.000, 0.000, 0.000
1497890075.1, 52.5457967, 13.3554433, 44.7, -0.000, -0.000, 0.000
1497890076.1, 52.5457967, 13.3554433, 44.7, 0.000, 0.000, 0.000
1497890077.1, 52.5457967, 13.3554433, 44.7, -0.000, -0.000, 0.000
1497890078.1, 52.5457967, 13.3554433, 44.7, -0.000, -0.000, 0.000
1497890079.1, 52.5457967, 13.3554433, 44.8, 0.000, 0.000, 0.100
1497890080.1, 52.5457967, 13.3554433, 44.8, -0.000, 0.000, 0.000
1497890081.1, 52.5457967, 13.3554433, 44.8, -0.000, -0.000, 0.000
1497890082.1, 52.5457967, 13.3554433, 44.8, 0.000, 0.000, 0.000
1497890083.1, 52.5457967, 13.3554433, 44.8, 0.000, -0.000, 0.000
1497890084.1, 52.5457967, 13.3554433, 44.8, 0.000, 0.000, 0.000
1497890085.1, 52.5457967, 13.3554433, 44.8, -0.000, -0.000, 0.000
1497890086.1, 52.5457967, 13.3554433, 44.8, 0.000, 0.000, 0.000
1497890087.1, 52.5457967, 13.3554433, 44.8, -0.000, -0.000, 0.000
1497890088.1, 52.5457967, 13.3554433, 44.8, -0.000, -0.000, 0.000
1497890089.1, 52.5457967, 13.3554450, 44.8, -0.000, 0.000, 0.000
1497890090.1, 52.5457967, 13.3554450, 44.8, -0.000, 0.000, 0.000
1497890091.1, 52.5457967, 13.3554450, 44.8, 0.000, -0.000, 0.000
1497890092.1, 52.5457967, 13.3554450, 44.8, 0.000, -0.000, 0.000
1497890093.1, 52.5457967, 13.3554450, 44.8, -0.000, 0.000, 0.000
1497890094.1, 52.5457967, 13.3554450, 44.8, 0.000, 0.000, 0.000
1497890095.1, 52.5457967, 13.3554450, 44.8, -0.000, -0.000, 0.000
1497890096.1, 52.5457967, 13.3554450, 44.8, -0.000, -0.000, 0.000
1497890097.1, 52.5457967, 13.3554450, 44.8, 0.000, -0.000, 0.000
1497890098.1, 52.5457967, 13.3554450, 44.8, 0.000, 0.000, 0.000
1497890099.2, 52.5457967, 13.3554450, 44.8, -0.000, -0.000, 0.000
1497890100.2, 52.5457967, 13.3554450, 44.8, -0.000, 0.000, 0.000
1497890101.2, 52.5457967, 13.3554450, 44.8, 0.000, 0.000, 0.000
1497890102.2, 52.5457967, 13.3554450, 44.8, -0.000, -0.000, 0.000
1497890103.2, 52.5457967, 13.3554450, 44.8, -0.000, 0.000, 0.000
1497890104.2, 52.5457967, 13.3554450, 44.8, -0.000, -0.000, 0.000
1497890105.2, 52.5457967, 13.3554450, 44.8, -0.000, 0.000, 0.000
1497890106.2, 52.5457967, 13.3554450, 44.8, 0.000, -0.000, 0.000
1497890107.2, 52.5457967, 13.3554450, 44.8, -0.000, 0.000, 0.000
1497890108.2, 52.5457967, 13.3554450, 44.8, -0.000, 0.000, 0.000
1497890109.2, 52.5457950, 13.3554433, 44.8, -0.000, 0.000, 0.000
1497890110.2, 52.5457950, 13.3554433, 44.8, 0.000, 0.000, 0.000
1497890111.2, 52.5457950, 13.3554433, 44.8, 0.000, -0.000, 0.000
1497890112.2, 52.5457950, 13.3554433, 44.9, -0.000, 0.000, 0.100
1497890113.2, 52.5457933, 13.3554417, 44.9, 0.000, -0.000, 0.000
1497890114.2, 52.5457933, 13.3554417, 44.9, 0.000, 0.000, 0.000
1497890115.2, 52.5457933, 13.3554417, 44.9, -0.000, -0.000, 0.000
1497890116.2, 52.5457933, 13.3554417, 45.0, -0.000, -0.000, 0.100
1497890117.2, 52.5457933, 13.3554417, 45.0, 0.000, 0.000, 0.000
1497890118.2, 52.5457933, 13.3554417, 45.0, 0.000, 0.000, 0.000
1497890119.2, 52.5457933, 13.3554417, 45.0, 0.000, 0.000, 0.000
1497890120.2, 52.5457933, 13.3554417, 45.0, -0.000, -0.000, 0.000
1497890121.2, 52.5457933, 13.3554417, 45.0, -0.000, 0.000, 0.000
1497890122.2, 52.5457933, 13.3554417, 45.0, -0.000, -0.000, 0.000
1497890123.2, 52.5457933, 13.3554417, 45.0, 0.000, 0.000, 0.000
1497890124.2, 52.5457933, 13.3554417, 45.0, 0.000, 0.000, 0.000
1497890125.2, 52.5457933, 13.3554417, 45.1, -0.000, -0.000, 0.100
1497890126.2, 52.5457933, 13.3554433, 45.1, 0.000, -0.000, 0.000
1497890127.3, 52.5457933, 13.3554433, 45.2, 0.000, 0.000, 0.100
1497890128.3, 52.5457933, 13.3554450, 45.3, 0.000, 0.000, 0.100
1497890129.3, 52.5457933, 13.3554450, 45.3, 0.000, -0.000, 0.000
1497890130.3, 52.5457933, 13.3554450, 45.3, -0.000, 0.000, 0.000
1497890131.3, 52.5457933, 13.3554450, 45.3, -0.000, -0.000, 0.000
1497890132.3, 52.5457933, 13.3554450, 45.3, 0.000, -0.000, 0.000
1497890133.3, 52.5457933, 13.3554450, 45.3, -0.000, -0.000, 0.000
1497890134.3, 52.5457933, 13.3554450, 45.3, -0.000, 0.000, 0.000
1497890135.3, 52.5457933, 13.3554450, 45.3, 0.000, -0.000, 0.000
No 3D fix available
No 3D fix available
1497890138.3, 52.5457933, 13.3554450, 45.3, -0.000, 0.000, 0.000
1497890139.3, 52.5457933, 13.3554450, 45.3, 0.000, -0.000, 0.000
No 3D fix available
1497890141.3, 52.5457917, 13.3554450, 45.3, -0.000, -0.000, 0.000
1497890142.3, 52.5457917, 13.3554450, 45.3, -0.000, -0.000, 0.000
No 3D fix available
No 3D fix available
1497890145.3, 52.5457917, 13.3554450, 45.3, 0.000, -0.000, 0.000
No 3D fix available
No 3D fix available
No 3D fix available
No 3D fix available
No 3D fix available
No 3D fix available
No 3D fix available
No 3D fix available
No 3D fix available
No 3D fix available
No 3D fix available
No 3D fix available
No 3D fix available
No 3D fix available
No 3D fix available
No 3D fix available
No 3D fix available
No 3D fix available
No 3D fix available
No 3D fix available
No 3D fix available
No 3D fix available
No 3D fix available
No 3D fix available
No 3D fix available
1497890171.4, 52.5457900, 13.3554467, 45.6, 0.000, -0.000, 0.000
1497890172.4, 52.5457900, 13.3554467, 45.6, -0.000, 0.000, 0.000
No 3D fix available
1497890174.4, 52.5457900, 13.3554467, 45.6, 0.000, -0.000, 0.000
No 3D fix available
1497890176.4, 52.5457900, 13.3554467, 45.6, 0.000, 0.000, 0.000
1497890177.4, 52.5457900, 13.3554467, 45.6, 0.000, -0.000, 0.000
No 3D fix available
No 3D fix available
1497890180.4, 52.5457900, 13.3554467, 45.6, 0.000, 0.000, 0.000
No 3D fix available
1497890182.5, 52.5457900, 13.3554467, 45.6, 0.000, 0.000, 0.000
No 3D fix available
1497890184.5, 52.5457900, 13.3554483, 45.6, -0.000, -0.000, 0.000
1497890185.5, 52.5457900, 13.3554483, 45.7, 0.000, 0.000, 0.100
1497890186.5, 52.5457900, 13.3554500, 45.8, 0.000, 0.000, 0.100
1497890187.5, 52.5457883, 13.3554517, 45.8, 0.000, -0.000, 0.000
No 3D fix available
1497890189.5, 52.5457883, 13.3554517, 45.8, 0.000, 0.000, 0.000
1497890190.5, 52.5457883, 13.3554517, 45.8, 0.000, 0.000, 0.000
1497890191.5, 52.5457883, 13.3554517, 45.8, -0.000, 0.000, 0.000
1497890192.5, 52.5457883, 13.3554517, 45.8, -0.000, -0.000, 0.000
No 3D fix available
1497890194.5, 52.5457883, 13.3554517, 45.8, 0.000, -0.000, 0.000
1497890195.5, 52.5457883, 13.3554517, 45.8, -0.000, 0.000, 0.000
1497890196.5, 52.5457883, 13.3554517, 45.8, 0.000, 0.000, 0.000
1497890197.5, 52.5457883, 13.3554517, 45.8, -0.000, 0.000, 0.000
No 3D fix available
1497890199.5, 52.5457883, 13.3554517, 45.8, 0.000, 0.000, 0.000
1497890200.5, 52.5457883, 13.3554517, 45.8, -0.000, 0.000, 0.000
1497890201.5, 52.5457883, 13.3554517, 45.8, 0.000, -0.000, 0.000
1497890202.5, 52.5457883, 13.3554517, 45.8, -0.000, 0.000, 0.000
No 3D fix available
1497890204.5, 52.5457883, 13.3554517, 45.8, -0.000, -0.000, 0.000
1497890205.5, 52.5457883, 13.3554517, 45.8, 0.000, 0.000, 0.000
1497890206.5, 52.5457883, 13.3554517, 45.9, 0.000, -0.000, 0.100
1497890207.5, 52.5457883, 13.3554533, 45.9, -0.000, 0.000, 0.000
No 3D fix available
1497890209.5, 52.5457867, 13.3554533, 46.0, 0.000, 0.000, 0.100
1497890210.6, 52.5457867, 13.3554517, 46.0, -0.000, 0.000, 0.000
1497890211.6, 52.5457867, 13.3554517, 46.0, -0.000, -0.000, 0.000
1497890212.6, 52.5457867, 13.3554517, 46.0, -0.000, 0.000, 0.000
No 3D fix available
1497890214.6, 52.5457867, 13.3554517, 46.0, 0.000, 0.000, 0.000
1497890215.6, 52.5457867, 13.3554517, 46.0, -0.000, 0.000, 0.000
1497890216.6, 52.5457867, 13.3554517, 46.0, -0.000, -0.000, 0.000
1497890217.6, 52.5457867, 13.3554517, 46.0, 0.000, -0.000, 0.000
No 3D fix available
1497890219.6, 52.5457867, 13.3554517, 46.0, -0.000, -0.000, 0.000
1497890220.6, 52.5457867, 13.3554517, 46.0, 0.000, 0.000, 0.000
1497890221.6, 52.5457867, 13.3554517, 46.0, -0.000, 0.000, 0.000
1497890222.6, 52.5457867, 13.3554517, 46.0, 0.000, 0.000, 0.000
No 3D fix available
1497890224.6, 52.5457867, 13.3554517, 46.0, 0.000, 0.000, 0.000
1497890225.6, 52.5457867, 13.3554517, 46.0, 0.000, 0.000, 0.000
1497890226.6, 52.5457867, 13.3554517, 46.0, -0.000, -0.000, 0.000
1497890227.6, 52.5457867, 13.3554517, 46.0, -0.000, -0.000, 0.000
No 3D fix available
1497890229.6, 52.5457867, 13.3554517, 46.0, -0.000, 0.000, 0.000
1497890230.6, 52.5457867, 13.3554517, 46.0, -0.000, 0.000, 0.000
1497890231.6, 52.5457867, 13.3554517, 46.0, -0.000, -0.000, 0.000
1497890232.6, 52.5457867, 13.3554517, 46.0, -0.000, 0.000, 0.000
No 3D fix available
1497890234.6, 52.5457867, 13.3554517, 46.0, 0.000, -0.000, 0.000
1497890235.6, 52.5457867, 13.3554517, 46.0, 0.000, -0.000, 0.000
1497890236.6, 52.5457867, 13.3554517, 46.0, 0.000, 0.000, 0.000
1497890237.6, 52.5457867, 13.3554517, 46.0, 0.000, 0.000, 0.000
No 3D fix available
1497890239.7, 52.5457867, 13.3554517, 46.0, -0.000, -0.000, 0.000
1497890240.7, 52.5457867, 13.3554517, 46.0, -0.000, 0.000, 0.000
1497890241.7, 52.5457867, 13.3554517, 46.0, 0.000, -0.000, 0.000
1497890242.7, 52.5457867, 13.3554517, 46.0, -0.000, 0.000, 0.000
No 3D fix available
1497890244.7, 52.5457867, 13.3554517, 46.0, -0.000, 0.000, 0.000
1497890245.7, 52.5457867, 13.3554517, 46.0, 0.000, 0.000, 0.000
1497890246.7, 52.5457867, 13.3554517, 46.0, 0.000, 0.000, 0.000
1497890247.7, 52.5457867, 13.3554517, 46.0, -0.000, -0.000, 0.000
1497890248.7, 52.5457867, 13.3554517, 46.0, -0.000, -0.000, 0.000
1497890249.7, 52.5457867, 13.3554517, 46.0, -0.000, 0.000, 0.000
1497890250.7, 52.5457867, 13.3554517, 46.0, 0.000, -0.000, 0.000
1497890251.7, 52.5457867, 13.3554517, 46.0, -0.000, -0.000, 0.000
1497890252.7, 52.5457867, 13.3554517, 46.0, -0.000, 0.000, 0.000
1497890253.7, 52.5457867, 13.3554517, 46.0, -0.000, 0.000, 0.000
1497890254.7, 52.5457867, 13.3554517, 46.0, -0.000, -0.000, 0.000
1497890255.7, 52.5457867, 13.3554517, 46.0, 0.000, 0.000, 0.000
1497890256.7, 52.5457867, 13.3554517, 46.0, -0.000, 0.000, 0.000
1497890257.7, 52.5457867, 13.3554517, 46.0, -0.000, 0.000, 0.000
1497890258.7, 52.5457867, 13.3554517, 46.0, 0.000, -0.000, 0.000
1497890259.7, 52.5457867, 13.3554517, 46.0, -0.000, 0.000, 0.000
1497890260.7, 52.5457867, 13.3554517, 46.0, -0.000, 0.000, 0.000
1497890261.7, 52.5457867, 13.3554517, 46.0, -0.000, 0.000, 0.000
1497890262.7, 52.5457867, 13.3554517, 46.0, -0.000, -0.000, 0.000
1497890263.8, 52.5457867, 13.3554517, 46.0, 0.000, -0.000, 0.000
1497890264.8, 52.5457867, 13.3554517, 46.0, -0.000, 0.000, 0.000
1497890265.8, 52.5457867, 13.3554517, 46.0, -0.000, -0.000, 0.000
1497890266.8, 52.5457867, 13.3554517, 46.0, -0.000, -0.000, 0.000
1497890267.8, 52.5457867, 13.3554517, 46.0, -0.000, 0.000, 0.000
1497890268.8, 52.5457867, 13.3554517, 46.0, -0.000, -0.000, 0.000
1497890269.8, 52.5457867, 13.3554517, 46.0, -0.000, -0.000, 0.000
1497890270.8, 52.5457867, 13.3554517, 46.0, -0.000, 0.000, 0.000
1497890271.8, 52.5457867, 13.3554517, 46.0, 0.000, 0.000, 0.000
1497890272.8, 52.5457867, 13.3554517, 46.0, -0.000, -0.000, 0.000
1497890273.8, 52.5457867, 13.3554517, 46.0, -0.000, 0.000, 0.000
1497890274.8, 52.5457867, 13.3554517, 46.0, -0.000, 0.000, 0.000
1497890275.8, 52.5457867, 13.3554517, 46.0, 0.000, -0.000, 0.000
1497890276.8, 52.5457867, 13.3554517, 46.0, -0.000, 0.000, 0.000
1497890277.8, 52.5457867, 13.3554517, 46.0, -0.000, 0.000, 0.000
1497890278.8, 52.5457867, 13.3554517, 46.0, -0.000, -0.000, 0.000
1497890279.8, 52.5457867, 13.3554517, 46.0, -0.000, 0.000, 0.000
1497890280.8, 52.5457867, 13.3554517, 46.0, 0.000, 0.000, 0.000
1497890281.8, 52.5457867, 13.3554517, 46.0, -0.000, -0.000, 0.000
1497890282.8, 52.5457867, 13.3554517, 46.0, 0.000, 0.000, 0.000
1497890283.8, 52.5457850, 13.3554517, 46.0, -0.000, 0.000, 0.000
1497890284.8, 52.5457850, 13.3554517, 46.0, 0.000, 0.000, 0.000
1497890285.9, 52.5457850, 13.3554517, 46.0, -0.000, 0.000, 0.000
1497890286.9, 52.5457850, 13.3554517, 46.0, -0.000, 0.000, 0.000
1497890287.9, 52.5457850, 13.3554517, 46.0, -0.000, -0.000, 0.000
1497890288.9, 52.5457850, 13.3554517, 46.0, -0.000, -0.000, 0.000
1497890289.9, 52.5457850, 13.3554517, 46.0, -0.000, 0.000, 0.000
1497890290.9, 52.5457850, 13.3554517, 46.0, -0.000, 0.000, 0.000
1497890291.9, 52.5457850, 13.3554517, 46.0, -0.000, -0.000, 0.000
1497890292.9, 52.5457850, 13.3554517, 46.0, -0.000, 0.000, 0.000
1497890293.9, 52.5457850, 13.3554517, 46.0, -0.000, -0.000, 0.000
1497890294.9, 52.5457850, 13.3554517, 46.0, 0.000, 0.000, 0.000
1497890295.9, 52.5457850, 13.3554517, 46.0, -0.000, -0.000, 0.000
1497890296.9, 52.5457850, 13.3554517, 46.0, -0.000, 0.000, 0.000
1497890297.9, 52.5457850, 13.3554517, 46.0, -0.000, -0.000, 0.000
1497890298.9, 52.5457850, 13.3554517, 46.0, -0.000, -0.000, 0.000
1497890299.9, 52.5457850, 13.3554517, 46.0, -0.000, -0.000, 0.000
1497890300.9, 52.5457850, 13.3554517, 46.0, 0.000, -0.000, 0.000
1497890301.9, 52.5457850, 13.3554517, 46.0, -0.000, -0.000, 0.000
1497890302.9, 52.5457850, 13.3554517, 46.0, -0.000, 0.000, 0.000
1497890303.9, 52.5457850, 13.3554517, 46.0, -0.000, 0.000, 0.000
1497890304.9, 52.5457850, 13.3554517, 46.0, 0.000, -0.000, 0.000
1497890305.9, 52.5457850, 13.3554517, 46.0, 0.000, 0.000, 0.000
1497890307.0, 52.5457850, 13.3554517, 46.0, -0.000, -0.000, 0.000
1497890308.0, 52.5457850, 13.3554517, 46.0, 0.000, -0.000, 0.000
1497890309.0, 52.5457850, 13.3554517, 46.0, 0.000, 0.000, 0.000
1497890310.0, 52.5457850, 13.3554517, 46.0, -0.000, -0.000, 0.000
1497890311.0, 52.5457850, 13.3554517, 46.0, -0.000, -0.000, 0.000
1497890312.0, 52.5457850, 13.3554517, 46.0, 0.000, -0.000, 0.000
1497890313.0, 52.5457850, 13.3554517, 46.0, -0.000, 0.000, 0.000
1497890314.0, 52.5457850, 13.3554517, 46.0, -0.000, 0.000, 0.000
1497890315.0, 52.5457850, 13.3554517, 46.0, -0.000, 0.000, 0.000
1497890316.0, 52.5457850, 13.3554533, 46.0, -0.000, 0.000, 0.000
1497890317.0, 52.5457850, 13.3554533, 46.0, -0.000, 0.000, 0.000
1497890318.0, 52.5457850, 13.3554533, 46.0, -0.000, 0.000, 0.000
1497890319.0, 52.5457850, 13.3554533, 46.0, -0.000, 0.000, 0.000
1497890320.0, 52.5457833, 13.3554533, 46.0, -0.000, -0.000, 0.000
1497890321.0, 52.5457833, 13.3554533, 46.0, -0.000, -0.000, 0.000
1497890322.0, 52.5457833, 13.3554517, 46.0, -0.000, -0.000, 0.000
1497890323.0, 52.5457833, 13.3554517, 46.0, -0.000, -0.000, 0.000
1497890324.0, 52.5457833, 13.3554517, 46.0, -0.000, -0.000, 0.000
1497890325.0, 52.5457833, 13.3554517, 46.0, -0.000, 0.000, 0.000
1497890326.0, 52.5457833, 13.3554517, 46.0, -0.000, 0.000, 0.000
1497890327.0, 52.5457817, 13.3554533, 46.0, -0.000, 0.000, 0.000
1497890328.0, 52.5457817, 13.3554533, 46.0, -0.000, 0.000, 0.000
1497890329.0, 52.5457817, 13.3554533, 46.0, -0.000, 0.000, 0.000
1497890330.0, 52.5457817, 13.3554550, 46.0, -0.000, 0.000, 0.000
1497890331.0, 52.5457817, 13.3554550, 46.0, -0.000, 0.000, 0.000
1497890332.1, 52.5457817, 13.3554550, 46.0, -0.000, 0.000, 0.000
1497890333.1, 52.5457817, 13.3554550, 46.0, -0.000, 0.000, 0.000
1497890334.1, 52.5457817, 13.3554550, 46.0, -0.000, 0.000, 0.000
1497890335.1, 52.5457817, 13.3554550, 46.0, 0.000, 0.000, 0.000
1497890336.1, 52.5457783, 13.3554567, 46.1, -0.000, -0.000, 0.100
1497890337.1, 52.5457767, 13.3554600, 46.2, -0.000, 0.000, 0.100
1497890338.1, 52.5457767, 13.3554633, 46.3, -0.000, 0.000, 0.100
1497890339.1, 52.5457767, 13.3554633, 46.4, -0.000, -0.000, 0.100
1497890340.1, 52.5457767, 13.3554683, 46.4, -0.000, 0.000, 0.000
1497890341.1, 52.5457750, 13.3554717, 46.5, -0.000, 0.000, 0.100
1497890342.1, 52.5457733, 13.3554783, 46.5, -0.000, 0.000, 0.000
1497890343.1, 52.5457733, 13.3554833, 46.6, -0.000, 0.000, 0.100
1497890344.1, 52.5457733, 13.3554867, 46.8, -0.000, 0.000, 0.200
1497890345.1, 52.5457733, 13.3554867, 46.8, -0.000, 0.000, 0.000
1497890346.1, 52.5457733, 13.3554867, 46.8, -0.000, 0.000, 0.000
1497890347.1, 52.5457733, 13.3554883, 46.8, -0.000, 0.000, 0.000
1497890348.1, 52.5457733, 13.3554883, 46.8, -0.000, 0.000, 0.000
1497890349.1, 52.5457733, 13.3554900, 46.8, -0.000, 0.000, 0.000
1497890350.1, 52.5457733, 13.3554917, 46.8, -0.000, 0.000, 0.000
1497890351.1, 52.5457733, 13.3554917, 46.9, 0.000, 0.000, 0.100
1497890352.1, 52.5457733, 13.3554933, 46.9, -0.000, 0.000, 0.000
1497890353.1, 52.5457733, 13.3554933, 46.9, -0.000, 0.000, 0.000
1497890354.2, 52.5457733, 13.3554950, 46.9, 0.000, 0.000, 0.000
1497890355.2, 52.5457733, 13.3554950, 47.0, 0.000, 0.000, 0.100
1497890356.2, 52.5457733, 13.3554983, 47.1, 0.000, 0.000, 0.100
1497890357.2, 52.5457733, 13.3555117, 47.3, 0.000, 0.000, 0.200
1497890358.2, 52.5457733, 13.3555150, 47.4, 0.000, 0.000, 0.100
1497890359.2, 52.5457733, 13.3555167, 47.4, -0.000, 0.000, 0.000
1497890360.2, 52.5457733, 13.3555183, 47.4, -0.000, 0.000, 0.000
1497890361.2, 52.5457733, 13.3555200, 47.4, -0.000, 0.000, 0.000
1497890362.2, 52.5457733, 13.3555217, 47.5, -0.000, 0.000, 0.100
1497890363.2, 52.5457733, 13.3555233, 47.5, -0.000, 0.000, 0.000
1497890364.2, 52.5457733, 13.3555250, 47.5, -0.000, 0.000, 0.000
1497890365.2, 52.5457733, 13.3555267, 47.6, -0.000, 0.000, 0.100
1497890366.2, 52.5457733, 13.3555283, 47.6, -0.000, 0.000, 0.000
1497890367.2, 52.5457733, 13.3555300, 47.7, -0.000, 0.000, 0.100
1497890368.2, 52.5457733, 13.3555317, 47.7, -0.000, 0.000, 0.000
1497890369.2, 52.5457733, 13.3555333, 47.8, -0.000, 0.000, 0.100
1497890370.2, 52.5457733, 13.3555333, 47.8, -0.000, 0.000, 0.000
1497890371.2, 52.5457733, 13.3555350, 47.9, 0.000, 0.000, 0.100
1497890372.2, 52.5457733, 13.3555367, 47.9, 0.000, 0.000, 0.000
1497890373.2, 52.5457733, 13.3555383, 48.0, 0.000, 0.000, 0.100
1497890374.2, 52.5457733, 13.3555383, 48.0, 0.000, 0.000, 0.000
1497890375.2, 52.5457733, 13.3555400, 48.1, 0.000, 0.000, 0.100
1497890376.2, 52.5457733, 13.3555417, 48.1, 0.000, 0.000, 0.000
1497890377.3, 52.5457733, 13.3555417, 48.2, 0.000, 0.000, 0.100
1497890378.3, 52.5457733, 13.3555433, 48.2, 0.000, 0.000, 0.000
1497890379.3, 52.5457733, 13.3555433, 48.3, 0.000, 0.000, 0.100
1497890380.3, 52.5457750, 13.3555433, 48.3, 0.000, 0.000, 0.000
1497890381.3, 52.5457750, 13.3555433, 48.4, 0.000, -0.000, 0.100
No 3D fix available
1497890383.3, 52.5457750, 13.3555433, 48.5, 0.000, -0.000, 0.100
1497890384.3, 52.5457750, 13.3555417, 48.6, 0.000, -0.000, 0.100
No 3D fix available
No 3D fix available
No 3D fix available
No 3D fix available
No 3D fix available
No 3D fix available
1497890391.3, 52.5457767, 13.3555400, 48.7, -0.000, -0.000, 0.000
No 3D fix available
1497890393.3, 52.5457767, 13.3555400, 48.7, 0.000, -0.000, 0.000
No 3D fix available
No 3D fix available
1497890396.3, 52.5457767, 13.3555400, 48.7, -0.000, -0.000, 0.000
1497890397.3, 52.5457767, 13.3555400, 48.7, -0.000, -0.000, 0.000
No 3D fix available
No 3D fix available
No 3D fix available
No 3D fix available
No 3D fix available
No 3D fix available
No 3D fix available
No 3D fix available
No 3D fix available
No 3D fix available
No 3D fix available
No 3D fix available
No 3D fix available
No 3D fix available
No 3D fix available
No 3D fix available
No 3D fix available
No 3D fix available
No 3D fix available
No 3D fix available
No 3D fix available
1497890419.4, 52.5457767, 13.3555383, 48.7, -0.000, -0.000, 0.000
No 3D fix available
No 3D fix available
No 3D fix available
No 3D fix available
1497890424.4, 52.5457767, 13.3555367, 48.7, -0.000, -0.000, 0.000
No 3D fix available
1497890426.4, 52.5457767, 13.3555367, 48.7, 0.000, -0.000, 0.000
1497890427.4, 52.5457767, 13.3555367, 48.7, 0.000, -0.000, 0.000
No 3D fix available
1497890429.5, 52.5457767, 13.3555367, 48.7, -0.000, -0.000, 0.000
1497890430.5, 52.5457767, 13.3555367, 48.7, 0.000, -0.000, 0.000
1497890431.5, 52.5457767, 13.3555367, 48.7, -0.000, 0.000, 0.000
1497890432.5, 52.5457767, 13.3555367, 48.7, -0.000, 0.000, 0.000
No 3D fix available
1497890434.5, 52.5457767, 13.3555367, 48.7, -0.000, -0.000, 0.000
1497890435.5, 52.5457767, 13.3555367, 48.7, 0.000, 0.000, 0.000
1497890436.5, 52.5457767, 13.3555367, 48.7, 0.000, 0.000, 0.000
1497890437.5, 52.5457767, 13.3555367, 48.7, -0.000, -0.000, 0.000
No 3D fix available
1497890439.5, 52.5457767, 13.3555367, 48.7, -0.000, 0.000, 0.000
1497890440.5, 52.5457767, 13.3555367, 48.7, 0.000, -0.000, 0.000
1497890441.5, 52.5457767, 13.3555367, 48.7, 0.000, -0.000, 0.000
1497890442.5, 52.5457767, 13.3555367, 48.8, 0.000, 0.000, 0.100
No 3D fix available
1497890444.5, 52.5457767, 13.3555367, 48.7, -0.000, 0.000, 0.000
1497890445.5, 52.5457767, 13.3555367, 48.7, 0.000, 0.000, 0.000
1497890446.5, 52.5457767, 13.3555367, 48.7, -0.000, -0.000, 0.000
1497890447.5, 52.5457767, 13.3555367, 48.7, 0.000, -0.000, 0.000
No 3D fix available
1497890449.5, 52.5457767, 13.3555367, 48.8, -0.000, 0.000, 0.000
1497890450.5, 52.5457767, 13.3555367, 48.8, -0.000, -0.000, 0.000
1497890451.5, 52.5457767, 13.3555367, 48.8, -0.000, 0.000, 0.000
1497890452.5, 52.5457767, 13.3555367, 48.8, -0.000, -0.000, 0.000
No 3D fix available
1497890454.5, 52.5457767, 13.3555367, 48.8, 0.000, -0.000, 0.000
1497890455.6, 52.5457767, 13.3555367, 48.8, -0.000, 0.000, 0.000
1497890456.6, 52.5457767, 13.3555367, 48.8, -0.000, -0.000, 0.000
1497890457.6, 52.5457767, 13.3555367, 48.8, -0.000, -0.000, 0.000
No 3D fix available
1497890459.6, 52.5457767, 13.3555367, 48.8, -0.000, 0.000, 0.000
1497890460.6, 52.5457767, 13.3555367, 48.8, -0.000, 0.000, 0.000
1497890461.6, 52.5457767, 13.3555367, 48.8, -0.000, 0.000, 0.000
1497890462.6, 52.5457767, 13.3555367, 48.8, 0.000, -0.000, 0.000
No 3D fix available
1497890464.6, 52.5457767, 13.3555367, 48.8, -0.000, -0.000, 0.000
1497890465.6, 52.5457767, 13.3555367, 48.8, -0.000, 0.000, 0.000
1497890466.6, 52.5457750, 13.3555367, 48.8, -0.000, 0.000, 0.000
1497890467.6, 52.5457750, 13.3555367, 48.8, -0.000, -0.000, 0.000
No 3D fix available
1497890469.6, 52.5457750, 13.3555367, 48.8, -0.000, -0.000, 0.000
1497890470.6, 52.5457750, 13.3555367, 48.8, 0.000, -0.000, 0.000
1497890471.6, 52.5457767, 13.3555350, 48.8, 0.000, -0.000, 0.000
1497890472.6, 52.5457767, 13.3555350, 48.8, 0.000, -0.000, 0.000
1497890473.6, 52.5457767, 13.3555350, 48.8, -0.000, -0.000, 0.000
1497890474.6, 52.5457767, 13.3555333, 48.8, -0.000, -0.000, 0.000
1497890475.6, 52.5457767, 13.3555333, 48.7, 0.000, -0.000, -0.100
1497890476.6, 52.5457750, 13.3555333, 48.7, -0.000, -0.000, 0.000
1497890477.6, 52.5457750, 13.3555333, 48.7, -0.000, -0.000, 0.000
1497890478.6, 52.5457750, 13.3555333, 48.7, -0.000, -0.000, 0.000
1497890479.7, 52.5457750, 13.3555333, 48.7, -0.000, -0.000, 0.000
1497890480.7, 52.5457750, 13.3555317, 48.7, -0.000, -0.000, 0.000
1497890481.7, 52.5457750, 13.3555317, 48.7, -0.000, -0.000, 0.000
1497890482.7, 52.5457750, 13.3555317, 48.7, -0.000, -0.000, 0.000
1497890483.7, 52.5457750, 13.3555300, 48.7, 0.000, -0.000, 0.000
1497890484.7, 52.5457750, 13.3555300, 48.7, -0.000, -0.000, 0.000
1497890485.7, 52.5457750, 13.3555283, 48.7, -0.000, -0.000, 0.000
1497890486.7, 52.5457750, 13.3555283, 48.7, -0.000, -0.000, 0.000
1497890487.7, 52.5457750, 13.3555283, 48.7, -0.000, -0.000, 0.000
1497890488.7, 52.5457750, 13.3555267, 48.7, -0.000, -0.000, 0.000
1497890489.7, 52.5457750, 13.3555267, 48.7, -0.000, -0.000, 0.000
1497890490.7, 52.5457750, 13.3555267, 48.7, -0.000, -0.000, 0.000
1497890491.7, 52.5457733, 13.3555267, 48.7, -0.000, -0.000, 0.000
1497890492.7, 52.5457733, 13.3555267, 48.7, -0.000, -0.000, 0.000
1497890493.7, 52.5457733, 13.3555267, 48.7, -0.000, -0.000, 0.000
1497890494.7, 52.5457733, 13.3555267, 48.7, -0.000, 0.000, 0.000
1497890495.7, 52.5457733, 13.3555267, 48.7, -0.000, 0.000, 0.000
1497890496.7, 52.5457717, 13.3555267, 48.7, -0.000, 0.000, 0.000
1497890497.7, 52.5457717, 13.3555267, 48.7, -0.000, 0.000, 0.000
1497890498.7, 52.5457717, 13.3555267, 48.8, -0.000, 0.000, 0.100
1497890499.7, 52.5457717, 13.3555267, 48.8, -0.000, 0.000, 0.000
1497890500.7, 52.5457700, 13.3555267, 48.8, -0.000, 0.000, 0.000
1497890501.8, 52.5457700, 13.3555267, 48.8, -0.000, 0.000, 0.000
1497890502.8, 52.5457700, 13.3555283, 48.8, -0.000, 0.000, 0.000
1497890503.8, 52.5457700, 13.3555283, 48.8, -0.000, 0.000, 0.000
1497890504.8, 52.5457700, 13.3555283, 48.8, -0.000, 0.000, 0.000
1497890505.8, 52.5457700, 13.3555283, 48.9, -0.000, 0.000, 0.100
1497890506.8, 52.5457700, 13.3555283, 48.9, -0.000, 0.000, 0.000
1497890507.8, 52.5457700, 13.3555283, 48.9, -0.000, 0.000, 0.000
1497890508.8, 52.5457700, 13.3555283, 48.9, -0.000, 0.000, 0.000
1497890509.8, 52.5457700, 13.3555283, 48.9, -0.000, 0.000, 0.000
1497890510.8, 52.5457700, 13.3555283, 48.9, -0.000, 0.000, 0.000
1497890511.8, 52.5457700, 13.3555283, 48.9, -0.000, 0.000, 0.000
1497890512.8, 52.5457700, 13.3555300, 48.9, -0.000, 0.000, 0.000
1497890513.8, 52.5457700, 13.3555300, 48.9, -0.000, 0.000, 0.000
1497890514.8, 52.5457700, 13.3555283, 48.8, -0.000, -0.000, -0.100
1497890515.8, 52.5457683, 13.3555283, 48.7, 0.000, 0.000, -0.100
1497890516.8, 52.5457683, 13.3555267, 48.6, -0.000, 0.000, -0.100
1497890517.8, 52.5457683, 13.3555250, 48.5, -0.000, -0.000, -0.100
1497890518.8, 52.5457683, 13.3555250, 48.5, -0.000, 0.000, 0.000
1497890519.8, 52.5457683, 13.3555233, 48.4, 0.000, 0.000, -0.100
1497890520.8, 52.5457683, 13.3555233, 48.5, -0.000, 0.000, 0.100
1497890521.8, 52.5457683, 13.3555217, 48.4, 0.000, 0.000, -0.100
1497890522.8, 52.5457683, 13.3555200, 48.3, -0.000, 0.000, -0.100
1497890523.9, 52.5457683, 13.3555200, 48.3, 0.000, 0.000, 0.000
1497890524.9, 52.5457683, 13.3555200, 48.3, 0.000, 0.000, 0.000
1497890525.9, 52.5457683, 13.3555200, 48.3, -0.000, 0.000, 0.000
1497890526.9, 52.5457683, 13.3555200, 48.4, -0.000, -0.000, 0.100
1497890527.9, 52.5457683, 13.3555200, 48.4, 0.000, 0.000, 0.000
1497890528.9, 52.5457683, 13.3555200, 48.4, -0.000, -0.000, 0.000
1497890529.9, 52.5457683, 13.3555200, 48.4, -0.000, -0.000, 0.000
1497890530.9, 52.5457683, 13.3555200, 48.4, -0.000, -0.000, 0.000
1497890531.9, 52.5457683, 13.3555200, 48.4, -0.000, -0.000, 0.000
1497890532.9, 52.5457683, 13.3555200, 48.4, -0.000, -0.000, 0.000
1497890533.9, 52.5457683, 13.3555200, 48.4, -0.000, -0.000, 0.000
1497890534.9, 52.5457683, 13.3555200, 48.4, -0.000, -0.000, 0.000
1497890535.9, 52.5457683, 13.3555200, 48.4, -0.000, -0.000, 0.000
1497890536.9, 52.5457683, 13.3555200, 48.4, -0.000, -0.000, 0.000
1497890537.9, 52.5457683, 13.3555200, 48.4, 0.000, 0.000, 0.000
1497890538.9, 52.5457683, 13.3555200, 48.4, -0.000, 0.000, 0.000
1497890539.9, 52.5457683, 13.3555200, 48.4, -0.000, 0.000, 0.000
1497890540.9, 52.5457683, 13.3555200, 48.4, 0.000, -0.000, 0.000
1497890541.9, 52.5457683, 13.3555200, 48.4, -0.000, 0.000, 0.000
1497890542.9, 52.5457683, 13.3555200, 48.4, -0.000, 0.000, 0.000
1497890543.9, 52.5457683, 13.3555200, 48.4, -0.000, -0.000, 0.000
1497890544.9, 52.5457683, 13.3555200, 48.4, 0.000, 0.000, 0.000
1497890545.9, 52.5457683, 13.3555200, 48.4, 0.000, 0.000, 0.000
1497890546.9, 52.5457683, 13.3555167, 48.2, -0.000, 0.000, -0.200
1497890548.0, 52.5457683, 13.3555150, 48.1, 0.000, 0.000, -0.100
1497890549.0, 52.5457683, 13.3555150, 48.1, -0.000, 0.000, 0.000
1497890550.0, 52.5457683, 13.3555150, 48.1, 0.000, -0.000, 0.000
1497890551.0, 52.5457683, 13.3555150, 48.0, -0.000, 0.000, -0.100
1497890552.0, 52.5457683, 13.3555150, 48.0, -0.000, 0.000, 0.000
1497890553.0, 52.5457683, 13.3555133, 47.9, -0.000, 0.000, -0.100
1497890554.0, 52.5457700, 13.3555117, 47.9, 0.000, 0.000, 0.000
1497890555.0, 52.5457700, 13.3555133, 47.9, -0.000, 0.000, 0.000
1497890556.0, 52.5457700, 13.3555133, 47.8, 0.000, 0.000, -0.100
1497890557.0, 52.5457700, 13.3555133, 47.8, -0.000, -0.000, 0.000
1497890558.0, 52.5457700, 13.3555100, 47.8, 0.000, -0.000, 0.000
1497890559.0, 52.5457700, 13.3555100, 47.8, 0.000, -0.000, 0.000
1497890560.0, 52.5457700, 13.3555100, 47.8, 0.000, -0.000, 0.000
1497890561.0, 52.5457700, 13.3555083, 47.8, 0.000, -0.000, 0.000
1497890562.0, 52.5457700, 13.3555050, 47.7, 0.000, -0.000, -0.100
1497890563.0, 52.5457683, 13.3555050, 47.7, -0.000, 0.000, 0.000
1497890564.0, 52.5457683, 13.3555017, 47.6, -0.000, -0.000, -0.100
1497890565.0, 52.5457683, 13.3555000, 47.5, -0.000, 0.000, -0.100
1497890566.0, 52.5457683, 13.3554983, 47.5, 0.000, -0.000, 0.000
1497890567.0, 52.5457667, 13.3554983, 47.5, 0.000, -0.000, 0.000
1497890568.0, 52.5457667, 13.3554967, 47.4, -0.000, 0.000, -0.100
1497890569.0, 52.5457667, 13.3554950, 47.4, -0.000, 0.000, 0.000
1497890570.0, 52.5457667, 13.3554933, 47.2, 0.000, 0.000, -0.200
1497890571.0, 52.5457667, 13.3554917, 47.2, 0.000, 0.000, 0.000
1497890572.1, 52.5457650, 13.3554900, 47.1, 0.000, 0.000, -0.100
1497890573.1, 52.5457650, 13.3554900, 47.1, -0.000, 0.000, 0.000
1497890574.1, 52.5457650, 13.3554900, 47.1, 0.000, 0.000, 0.000
1497890575.1, 52.5457650, 13.3554900, 47.1, 0.000, 0.000, 0.000
1497890576.1, 52.5457650, 13.3554900, 47.1, -0.000, -0.000, 0.000
1497890577.1, 52.5457650, 13.3554900, 47.1, 0.000, 0.000, 0.000
1497890578.1, 52.5457650, 13.3554900, 47.1, -0.000, -0.000, 0.000
1497890579.1, 52.5457650, 13.3554900, 47.1, -0.000, 0.000, 0.000
1497890580.1, 52.5457650, 13.3554900, 47.1, -0.000, -0.000, 0.000
1497890581.1, 52.5457650, 13.3554900, 47.1, 0.000, 0.000, 0.000
1497890582.1, 52.5457650, 13.3554900, 47.1, -0.000, -0.000, 0.000
1497890583.1, 52.5457650, 13.3554900, 47.1, 0.000, 0.000, 0.000
1497890584.1, 52.5457650, 13.3554900, 47.1, -0.000, -0.000, 0.000
1497890585.1, 52.5457650, 13.3554900, 47.1, 0.000, 0.000, 0.000
1497890586.1, 52.5457650, 13.3554900, 47.1, -0.000, 0.000, 0.000
1497890587.1, 52.5457650, 13.3554900, 47.1, 0.000, -0.000, 0.000
1497890588.1, 52.5457650, 13.3554900, 47.1, -0.000, -0.000, 0.000
1497890589.1, 52.5457650, 13.3554900, 47.1, 0.000, 0.000, 0.000
1497890590.1, 52.5457650, 13.3554900, 47.1, -0.000, -0.000, 0.000
1497890591.1, 52.5457650, 13.3554900, 47.1, 0.000, -0.000, 0.000
1497890592.2, 52.5457650, 13.3554900, 47.1, 0.000, 0.000, 0.000
1497890593.2, 52.5457650, 13.3554900, 47.1, -0.000, -0.000, 0.000
1497890594.2, 52.5457650, 13.3554900, 47.1, -0.000, 0.000, 0.000
1497890595.2, 52.5457650, 13.3554900, 47.1, -0.000, -0.000, 0.000
1497890596.2, 52.5457650, 13.3554900, 47.1, -0.000, 0.000, 0.000
1497890597.2, 52.5457650, 13.3554900, 47.1, 0.000, -0.000, 0.000
1497890598.2, 52.5457650, 13.3554900, 47.1, 0.000, -0.000, 0.000
1497890599.2, 52.5457650, 13.3554900, 47.1, 0.000, 0.000, 0.000
1497890600.2, 52.5457650, 13.3554900, 47.1, -0.000, -0.000, 0.000
1497890601.2, 52.5457650, 13.3554900, 47.1, 0.000, -0.000, 0.000
1497890602.2, 52.5457650, 13.3554900, 47.1, -0.000, -0.000, 0.000
1497890603.2, 52.5457650, 13.3554900, 47.1, 0.000, 0.000, 0.000
1497890604.2, 52.5457650, 13.3554900, 47.1, 0.000, 0.000, 0.000
1497890605.2, 52.5457650, 13.3554900, 47.1, 0.000, 0.000, 0.000
1497890606.2, 52.5457650, 13.3554900, 47.1, 0.000, 0.000, 0.000
1497890607.2, 52.5457650, 13.3554900, 47.1, -0.000, -0.000, 0.000
1497890608.2, 52.5457650, 13.3554900, 47.1, -0.000, 0.000, 0.000
1497890609.2, 52.5457650, 13.3554900, 47.1, 0.000, -0.000, 0.000
1497890610.2, 52.5457650, 13.3554900, 47.1, 0.000, 0.000, 0.000
1497890611.2, 52.5457650, 13.3554900, 47.1, 0.000, 0.000, 0.000
1497890612.2, 52.5457650, 13.3554900, 47.1, -0.000, 0.000, 0.000
1497890613.2, 52.5457650, 13.3554900, 47.1, 0.000, -0.000, 0.000
1497890614.2, 52.5457650, 13.3554900, 47.1, 0.000, -0.000, 0.000
1497890615.2, 52.5457650, 13.3554900, 47.1, -0.000, -0.000, 0.000
1497890616.3, 52.5457650, 13.3554900, 47.1, -0.000, 0.000, 0.000
No 3D fix available
1497890618.3, 52.5457650, 13.3554900, 47.1, -0.000, -0.000, 0.000
1497890619.3, 52.5457650, 13.3554900, 47.1, 0.000, -0.000, 0.000
No 3D fix available
No 3D fix available
No 3D fix available
1497890623.3, 52.5457650, 13.3554900, 47.1, 0.000, 0.000, 0.000
No 3D fix available
No 3D fix available
No 3D fix available
No 3D fix available
1497890628.3, 52.5457650, 13.3554900, 47.1, -0.000, -0.000, 0.000
No 3D fix available
No 3D fix available
No 3D fix available
No 3D fix available
No 3D fix available
No 3D fix available
No 3D fix available
No 3D fix available
No 3D fix available
No 3D fix available
No 3D fix available
No 3D fix available
No 3D fix available
No 3D fix available
No 3D fix available
No 3D fix available
No 3D fix available
1497890646.4, 52.5457583, 13.3554883, 47.1, -0.000, 0.000, 0.000
1497890647.4, 52.5457567, 13.3554883, 47.1, -0.000, 0.000, 0.000
No 3D fix available
No 3D fix available
No 3D fix available
No 3D fix available
No 3D fix available
No 3D fix available
No 3D fix available
No 3D fix available
No 3D fix available
No 3D fix available
No 3D fix available
1497890659.4, 52.5457450, 13.3554767, 46.9, -0.000, 0.000, 0.000
1497890660.4, 52.5457467, 13.3554767, 46.8, -0.000, 0.000, -0.100
No 3D fix available
1497890662.4, 52.5457450, 13.3554750, 46.8, -0.000, 0.000, 0.000
No 3D fix available
No 3D fix available
No 3D fix available
1497890666.4, 52.5457450, 13.3554750, 46.8, -0.000, -0.000, 0.000
1497890667.5, 52.5457450, 13.3554750, 46.8, -0.000, -0.000, 0.000
No 3D fix available
1497890669.5, 52.5457467, 13.3554717, 46.8, 0.000, -0.000, 0.000
1497890670.5, 52.5457467, 13.3554750, 46.9, 0.000, 0.000, 0.100
1497890671.5, 52.5457467, 13.3554750, 46.9, -0.000, 0.000, 0.000
1497890672.5, 52.5457483, 13.3554767, 47.1, 0.000, 0.000, 0.200
No 3D fix available
1497890674.5, 52.5457483, 13.3554800, 47.1, -0.000, 0.000, 0.000
1497890675.5, 52.5457483, 13.3554833, 47.1, -0.000, 0.000, 0.000
1497890676.5, 52.5457467, 13.3554867, 47.1, -0.000, 0.000, 0.000
1497890677.5, 52.5457467, 13.3554900, 47.0, -0.000, 0.000, -0.100
No 3D fix available
1497890679.5, 52.5457467, 13.3554967, 47.0, 0.000, 0.000, 0.000
1497890680.5, 52.5457467, 13.3554983, 47.0, 0.000, 0.000, 0.000
1497890681.5, 52.5457467, 13.3555000, 47.0, -0.000, 0.000, 0.000
1497890682.5, 52.5457467, 13.3555017, 47.1, 0.000, 0.000, 0.100
No 3D fix available
1497890684.5, 52.5457483, 13.3555017, 47.2, -0.000, -0.000, 0.100
1497890685.5, 52.5457467, 13.3555067, 47.1, -0.000, 0.000, -0.100
1497890686.5, 52.5457467, 13.3555067, 47.1, 0.000, -0.000, 0.000
1497890687.6, 52.5457467, 13.3555067, 47.1, -0.000, 0.000, 0.000
No 3D fix available
1497890689.6, 52.5457467, 13.3555067, 47.1, -0.000, -0.000, 0.000
1497890690.6, 52.5457467, 13.3555067, 47.1, 0.000, -0.000, 0.000
1497890691.6, 52.5457467, 13.3555067, 47.1, -0.000, 0.000, 0.000
1497890692.6, 52.5457467, 13.3555067, 47.1, -0.000, -0.000, 0.000
No 3D fix available
1497890694.6, 52.5457467, 13.3555067, 47.1, -0.000, -0.000, 0.000
1497890695.6, 52.5457467, 13.3555067, 47.2, 0.000, -0.000, 0.100
1497890696.6, 52.5457450, 13.3555067, 47.2, -0.000, -0.000, 0.000
1497890697.6, 52.5457450, 13.3555050, 47.2, 0.000, 0.000, 0.000
No 3D fix available
1497890699.6, 52.5457450, 13.3555050, 47.1, -0.000, -0.000, 0.000
1497890700.6, 52.5457450, 13.3555050, 47.1, 0.000, -0.000, 0.000
1497890701.6, 52.5457450, 13.3555050, 47.1, 0.000, -0.000, 0.000
1497890702.6, 52.5457450, 13.3555050, 47.1, 0.000, -0.000, 0.000
No 3D fix available
1497890704.6, 52.5457450, 13.3555050, 47.1, -0.000, -0.000, 0.000
1497890705.6, 52.5457450, 13.3555050, 47.1, 0.000, 0.000, 0.000
1497890706.6, 52.5457450, 13.3555050, 47.1, -0.000, -0.000, 0.000
1497890707.6, 52.5457450, 13.3555050, 47.1, 0.000, 0.000, 0.000
1497890708.6, 52.5457450, 13.3555050, 47.1, 0.000, 0.000, 0.000
1497890709.6, 52.5457450, 13.3555050, 47.1, -0.000, -0.000, 0.000
1497890710.6, 52.5457450, 13.3555050, 47.1, -0.000, -0.000, 0.000
1497890711.7, 52.5457450, 13.3555050, 47.1, 0.000, -0.000, 0.000
1497890712.7, 52.5457450, 13.3555050, 47.1, 0.000, 0.000, 0.000
1497890713.7, 52.5457450, 13.3555050, 47.1, -0.000, -0.000, 0.000
1497890714.7, 52.5457450, 13.3555050, 47.1, -0.000, -0.000, 0.000
1497890715.7, 52.5457450, 13.3555050, 47.1, 0.000, -0.000, 0.000
1497890716.7, 52.5457450, 13.3555050, 47.1, -0.000, 0.000, 0.000
1497890717.7, 52.5457450, 13.3555050, 47.1, 0.000, -0.000, 0.000
1497890718.7, 52.5457450, 13.3555050, 47.1, -0.000, 0.000, 0.000
1497890719.7, 52.5457450, 13.3555050, 47.1, -0.000, 0.000, 0.000
1497890720.7, 52.5457450, 13.3555050, 47.1, -0.000, -0.000, 0.000
1497890721.7, 52.5457450, 13.3555050, 47.1, -0.000, -0.000, 0.000
1497890722.7, 52.5457450, 13.3555050, 47.1, -0.000, -0.000, 0.000
1497890723.7, 52.5457467, 13.3555033, 47.1, 0.000, 0.000, 0.000
1497890724.7, 52.5457467, 13.3555033, 47.1, -0.000, -0.000, 0.000
1497890725.7, 52.5457467, 13.3555033, 47.2, -0.000, 0.000, 0.100
1497890726.7, 52.5457467, 13.3555033, 47.2, 0.000, 0.000, 0.000
1497890727.7, 52.5457483, 13.3555033, 47.3, 0.000, 0.000, 0.100
1497890728.7, 52.5457483, 13.3555033, 47.3, 0.000, -0.000, 0.000
1497890729.7, 52.5457483, 13.3555033, 47.3, 0.000, 0.000, 0.000
1497890730.7, 52.5457483, 13.3555033, 47.3, -0.000, 0.000, 0.000
1497890731.7, 52.5457483, 13.3555033, 47.3, 0.000, 0.000, 0.000
1497890732.7, 52.5457483, 13.3555033, 47.3, -0.000, -0.000, 0.000
1497890733.7, 52.5457483, 13.3555033, 47.3, -0.000, 0.000, 0.000
1497890734.8, 52.5457483, 13.3555033, 47.3, -0.000, 0.000, 0.000
1497890735.8, 52.5457483, 13.3555033, 47.3, -0.000, 0.000, 0.000
1497890736.8, 52.5457483, 13.3555050, 47.4, -0.000, -0.000, 0.100
1497890737.8, 52.5457500, 13.3555050, 47.4, 0.000, -0.000, 0.000
1497890738.8, 52.5457500, 13.3555050, 47.5, -0.000, -0.000, 0.100
1497890739.8, 52.5457500, 13.3555050, 47.5, -0.000, -0.000, 0.000
1497890740.8, 52.5457500, 13.3555050, 47.6, 0.000, 0.000, 0.100
1497890741.8, 52.5457517, 13.3555067, 47.6, 0.000, 0.000, 0.000
1497890742.8, 52.5457517, 13.3555067, 47.7, 0.000, -0.000, 0.100
1497890743.8, 52.5457517, 13.3555050, 47.7, -0.000, -0.000, 0.000
1497890744.8, 52.5457517, 13.3555050, 47.7, -0.000, -0.000, 0.000
1497890745.8, 52.5457517, 13.3555050, 47.7, -0.000, -0.000, 0.000
1497890746.8, 52.5457517, 13.3555050, 47.7, -0.000, 0.000, 0.000
1497890747.8, 52.5457517, 13.3555050, 47.7, -0.000, -0.000, 0.000
1497890748.8, 52.5457533, 13.3555050, 47.8, 0.000, -0.000, 0.100
1497890749.8, 52.5457533, 13.3555050, 47.8, -0.000, 0.000, 0.000
1497890750.8, 52.5457533, 13.3555050, 47.8, -0.000, -0.000, 0.000
1497890751.8, 52.5457550, 13.3555017, 47.8, 0.000, -0.000, 0.000
1497890752.8, 52.5457550, 13.3555000, 47.8, -0.000, -0.000, 0.000
1497890753.8, 52.5457567, 13.3554983, 47.8, 0.000, -0.000, 0.000
1497890754.8, 52.5457567, 13.3554983, 47.8, 0.000, -0.000, 0.000
1497890755.8, 52.5457567, 13.3554983, 47.8, -0.000, 0.000, 0.000
1497890756.9, 52.5457567, 13.3554983, 47.9, -0.000, -0.000, 0.100
1497890757.9, 52.5457550, 13.3555000, 47.9, -0.000, -0.000, 0.000
1497890758.9, 52.5457550, 13.3555017, 47.9, -0.000, 0.000, 0.000
1497890759.9, 52.5457550, 13.3555033, 48.0, 0.000, -0.000, 0.100
1497890760.9, 52.5457550, 13.3555083, 48.1, 0.000, 0.000, 0.100
1497890761.9, 52.5457567, 13.3555117, 48.2, 0.000, 0.000, 0.100
1497890762.9, 52.5457567, 13.3555167, 48.3, 0.000, 0.000, 0.100
1497890763.9, 52.5457567, 13.3555217, 48.5, 0.000, 0.000, 0.200
1497890764.9, 52.5457567, 13.3555250, 48.6, -0.000, 0.000, 0.100
1497890765.9, 52.5457567, 13.3555317, 48.8, -0.000, 0.000, 0.200
1497890766.9, 52.5457567, 13.3555333, 48.9, 0.000, 0.000, 0.100
1497890767.9, 52.5457567, 13.3555317, 48.9, -0.000, -0.000, 0.000
1497890768.9, 52.5457567, 13.3555317, 48.9, 0.000, 0.000, 0.000
1497890769.9, 52.5457567, 13.3555350, 49.0, -0.000, 0.000, 0.100
1497890770.9, 52.5457567, 13.3555350, 49.0, -0.000, -0.000, 0.000
1497890771.9, 52.5457550, 13.3555333, 49.1, -0.000, -0.000, 0.100
1497890772.9, 52.5457550, 13.3555333, 48.9, 0.000, 0.000, -0.200
1497890773.9, 52.5457550, 13.3555350, 49.0, 0.000, 0.000, 0.100
1497890774.9, 52.5457550, 13.3555333, 49.0, -0.000, -0.000, 0.000
1497890775.9, 52.5457550, 13.3555333, 49.0, 0.000, -0.000, 0.000
1497890776.9, 52.5457550, 13.3555333, 49.0, -0.000, -0.000, 0.000
1497890777.9, 52.5457550, 13.3555333, 49.0, 0.000, -0.000, 0.000
1497890779.0, 52.5457550, 13.3555333, 49.0, -0.000, 0.000, 0.000
1497890780.0, 52.5457550, 13.3555300, 48.8, -0.000, 0.000, -0.200
1497890781.0, 52.5457550, 13.3555300, 48.9, -0.000, -0.000, 0.100
1497890782.0, 52.5457567, 13.3555317, 48.9, -0.000, 0.000, 0.000
1497890783.0, 52.5457567, 13.3555333, 49.0, -0.000, -0.000, 0.100
1497890784.0, 52.5457567, 13.3555350, 49.1, -0.000, 0.000, 0.100
1497890785.0, 52.5457567, 13.3555350, 49.1, -0.000, -0.000, 0.000
1497890786.0, 52.5457567, 13.3555350, 49.1, 0.000, 0.000, 0.000
1497890787.0, 52.5457567, 13.3555350, 49.1, -0.000, 0.000, 0.000
1497890788.0, 52.5457567, 13.3555350, 49.1, -0.000, -0.000, 0.000
1497890789.0, 52.5457567, 13.3555350, 49.1, -0.000, 0.000, 0.000
1497890790.0, 52.5457567, 13.3555350, 49.1, -0.000, 0.000, 0.000
1497890791.0, 52.5457567, 13.3555350, 49.1, 0.000, 0.000, 0.000
1497890792.0, 52.5457567, 13.3555350, 49.1, -0.000, -0.000, 0.000
1497890793.0, 52.5457567, 13.3555350, 49.1, 0.000, 0.000, 0.000
1497890794.0, 52.5457567, 13.3555350, 49.1, -0.000, 0.000, 0.000
1497890795.0, 52.5457567, 13.3555350, 49.1, -0.000, 0.000, 0.000
1497890796.0, 52.5457567, 13.3555350, 49.1, 0.000, 0.000, 0.000
1497890797.0, 52.5457567, 13.3555350, 49.1, 0.000, -0.000, 0.000
1497890798.0, 52.5457567, 13.3555350, 49.1, -0.000, 0.000, 0.000
1497890799.0, 52.5457567, 13.3555350, 49.1, -0.000, -0.000, 0.000
1497890800.1, 52.5457567, 13.3555350, 49.1, -0.000, -0.000, 0.000
1497890801.1, 52.5457567, 13.3555350, 49.1, -0.000, 0.000, 0.000
1497890802.1, 52.5457567, 13.3555350, 49.1, 0.000, 0.000, 0.000
1497890803.1, 52.5457567, 13.3555350, 49.1, -0.000, 0.000, 0.000
1497890804.1, 52.5457567, 13.3555350, 49.1, -0.000, -0.000, 0.000
1497890805.1, 52.5457567, 13.3555350, 49.1, -0.000, -0.000, 0.000
1497890806.1, 52.5457567, 13.3555350, 49.1, -0.000, 0.000, 0.000
1497890807.1, 52.5457567, 13.3555350, 49.1, -0.000, -0.000, 0.000
1497890808.1, 52.5457567, 13.3555350, 49.1, -0.000, -0.000, 0.000
1497890809.1, 52.5457567, 13.3555350, 49.1, -0.000, -0.000, 0.000
1497890810.1, 52.5457567, 13.3555350, 49.1, 0.000, 0.000, 0.000
1497890811.1, 52.5457567, 13.3555350, 49.1, 0.000, 0.000, 0.000
1497890812.1, 52.5457567, 13.3555350, 49.1, -0.000, 0.000, 0.000
1497890813.1, 52.5457567, 13.3555350, 49.1, 0.000, 0.000, 0.000
1497890814.1, 52.5457567, 13.3555350, 49.1, 0.000, -0.000, 0.000
1497890815.1, 52.5457567, 13.3555350, 49.1, -0.000, 0.000, 0.000
1497890816.1, 52.5457567, 13.3555350, 49.1, 0.000, -0.000, 0.000
1497890817.1, 52.5457567, 13.3555350, 49.1, -0.000, 0.000, 0.000
1497890818.1, 52.5457567, 13.3555367, 49.1, 0.000, -0.000, 0.000
1497890819.1, 52.5457567, 13.3555367, 49.1, 0.000, 0.000, 0.000
1497890820.1, 52.5457567, 13.3555367, 49.1, 0.000, 0.000, 0.000
1497890821.1, 52.5457567, 13.3555367, 49.1, -0.000, 0.000, 0.000
1497890822.1, 52.5457567, 13.3555367, 49.1, 0.000, 0.000, 0.000
1497890823.1, 52.5457567, 13.3555367, 49.1, -0.000, 0.000, 0.000
1497890824.2, 52.5457567, 13.3555367, 49.1, -0.000, -0.000, 0.000
1497890825.2, 52.5457567, 13.3555367, 49.1, -0.000, 0.000, 0.000
1497890826.2, 52.5457567, 13.3555367, 49.1, 0.000, 0.000, 0.000
1497890827.2, 52.5457567, 13.3555367, 49.1, 0.000, -0.000, 0.000
1497890828.2, 52.5457567, 13.3555367, 49.1, -0.000, -0.000, 0.000
1497890829.2, 52.5457567, 13.3555367, 49.1, -0.000, -0.000, 0.000
1497890830.2, 52.5457567, 13.3555367, 49.1, 0.000, -0.000, 0.000
1497890831.2, 52.5457567, 13.3555367, 49.1, 0.000, 0.000, 0.000
1497890832.2, 52.5457567, 13.3555367, 49.1, -0.000, -0.000, 0.000
1497890833.2, 52.5457567, 13.3555367, 49.1, 0.000, 0.000, 0.000
1497890834.2, 52.5457567, 13.3555367, 49.1, 0.000, 0.000, 0.000
1497890835.2, 52.5457567, 13.3555367, 49.1, -0.000, -0.000, 0.000
1497890836.2, 52.5457567, 13.3555367, 49.1, -0.000, -0.000, 0.000
1497890837.2, 52.5457567, 13.3555367, 49.1, -0.000, 0.000, 0.000
1497890838.2, 52.5457567, 13.3555367, 49.1, -0.000, -0.000, 0.000
1497890839.2, 52.5457567, 13.3555367, 49.1, 0.000, -0.000, 0.000
1497890840.2, 52.5457567, 13.3555367, 49.1, -0.000, -0.000, 0.000
1497890841.2, 52.5457567, 13.3555367, 49.1, -0.000, -0.000, 0.000
1497890842.2, 52.5457567, 13.3555367, 49.1, -0.000, 0.000, 0.000
1497890843.2, 52.5457567, 13.3555367, 49.1, -0.000, 0.000, 0.000
1497890844.2, 52.5457567, 13.3555367, 49.1, 0.000, 0.000, 0.000
1497890845.2, 52.5457567, 13.3555367, 49.1, 0.000, 0.000, 0.000
1497890846.2, 52.5457567, 13.3555367, 49.1, 0.000, 0.000, 0.000
1497890847.2, 52.5457567, 13.3555367, 49.1, 0.000, 0.000, 0.000
1497890848.2, 52.5457567, 13.3555367, 49.1, -0.000, -0.000, 0.000
1497890849.2, 52.5457567, 13.3555367, 49.1, -0.000, 0.000, 0.000
1497890850.2, 52.5457567, 13.3555367, 49.1, 0.000, 0.000, 0.000
1497890851.3, 52.5457567, 13.3555367, 49.1, -0.000, 0.000, 0.000
1497890852.3, 52.5457567, 13.3555367, 49.1, -0.000, -0.000, 0.000
1497890853.3, 52.5457567, 13.3555367, 49.1, 0.000, 0.000, 0.000
No 3D fix available
1497890855.3, 52.5457567, 13.3555367, 49.1, -0.000, -0.000, 0.000
No 3D fix available
No 3D fix available
No 3D fix available
No 3D fix available
No 3D fix available
1497890861.3, 52.5457567, 13.3555367, 49.1, 0.000, 0.000, 0.000
No 3D fix available
1497890863.3, 52.5457567, 13.3555367, 49.1, 0.000, 0.000, 0.000
No 3D fix available
1497890865.3, 52.5457567, 13.3555367, 49.1, -0.000, 0.000, 0.000
1497890866.3, 52.5457567, 13.3555367, 49.1, 0.000, 0.000, 0.000
1497890867.3, 52.5457567, 13.3555367, 49.1, 0.000, -0.000, 0.000
1497890868.3, 52.5457567, 13.3555367, 49.1, -0.000, 0.000, 0.000
1497890869.3, 52.5457567, 13.3555367, 49.1, -0.000, 0.000, 0.000
No 3D fix available
No 3D fix available
No 3D fix available
1497890873.3, 52.5457517, 13.3555350, 48.9, -0.000, 0.000, 0.000
No 3D fix available
No 3D fix available
No 3D fix available
No 3D fix available
No 3D fix available
No 3D fix available
No 3D fix available
No 3D fix available
No 3D fix available
No 3D fix available
No 3D fix available
No 3D fix available
No 3D fix available
No 3D fix available
No 3D fix available
No 3D fix available
No 3D fix available
No 3D fix available
No 3D fix available
No 3D fix available
No 3D fix available
No 3D fix available
1497890896.4, 52.5457483, 13.3555317, 48.6, 0.000, -0.000, -0.100
1497890897.4, 52.5457483, 13.3555317, 48.6, 0.000, 0.000, 0.000
No 3D fix available
1497890899.4, 52.5457483, 13.3555317, 48.6, -0.000, 0.000, 0.000
1497890900.4, 52.5457483, 13.3555317, 48.6, -0.000, -0.000, 0.000
1497890901.4, 52.5457483, 13.3555317, 48.6, 0.000, -0.000, 0.000
1497890902.4, 52.5457483, 13.3555317, 48.6, 0.000, 0.000, 0.000
No 3D fix available
No 3D fix available
1497890905.5, 52.5457483, 13.3555317, 48.6, -0.000, -0.000, 0.000
1497890906.5, 52.5457483, 13.3555317, 48.6, 0.000, -0.000, 0.000
1497890907.5, 52.5457483, 13.3555317, 48.6, -0.000, -0.000, 0.000
No 3D fix available
No 3D fix available
1497890910.5, 52.5457483, 13.3555317, 48.6, -0.000, 0.000, 0.000
1497890911.5, 52.5457483, 13.3555317, 48.6, 0.000, -0.000, 0.000
1497890912.5, 52.5457483, 13.3555317, 48.6, 0.000, 0.000, 0.000
No 3D fix available
1497890914.5, 52.5457483, 13.3555317, 48.6, 0.000, 0.000, 0.000
1497890915.5, 52.5457483, 13.3555317, 48.6, 0.000, 0.000, 0.000
1497890916.5, 52.5457483, 13.3555317, 48.6, -0.000, 0.000, 0.000
1497890917.5, 52.5457483, 13.3555317, 48.6, 0.000, 0.000, 0.000
No 3D fix available
1497890919.5, 52.5457483, 13.3555300, 48.6, 0.000, 0.000, 0.000
1497890920.5, 52.5457483, 13.3555300, 48.6, -0.000, 0.000, 0.000
1497890921.5, 52.5457483, 13.3555300, 48.5, -0.000, -0.000, -0.100
1497890922.5, 52.5457483, 13.3555300, 48.5, 0.000, -0.000, 0.000
No 3D fix available
1497890924.5, 52.5457483, 13.3555300, 48.5, 0.000, 0.000, 0.000
1497890925.5, 52.5457483, 13.3555300, 48.5, 0.000, 0.000, 0.000
1497890926.5, 52.5457483, 13.3555300, 48.5, -0.000, 0.000, 0.000
1497890927.5, 52.5457483, 13.3555300, 48.5, -0.000, -0.000, 0.000
No 3D fix available
1497890929.5, 52.5457483, 13.3555300, 48.5, -0.000, 0.000, 0.000
1497890930.6, 52.5457483, 13.3555300, 48.5, -0.000, -0.000, 0.000
1497890931.6, 52.5457483, 13.3555300, 48.5, 0.000, 0.000, 0.000
1497890932.6, 52.5457483, 13.3555300, 48.5, 0.000, 0.000, 0.000
No 3D fix available
1497890934.6, 52.5457483, 13.3555300, 48.5, 0.000, 0.000, 0.000
1497890935.6, 52.5457483, 13.3555300, 48.5, -0.000, -0.000, 0.000
1497890936.6, 52.5457483, 13.3555300, 48.5, -0.000, 0.000, 0.000
1497890937.6, 52.5457483, 13.3555300, 48.5, -0.000, 0.000, 0.000
No 3D fix available
1497890939.6, 52.5457483, 13.3555300, 48.4, 0.000, 0.000, -0.100
1497890940.6, 52.5457483, 13.3555300, 48.4, -0.000, 0.000, 0.000
1497890941.6, 52.5457483, 13.3555300, 48.4, 0.000, 0.000, 0.000
1497890942.6, 52.5457483, 13.3555300, 48.4, -0.000, -0.000, 0.000
No 3D fix available
1497890944.6, 52.5457483, 13.3555300, 48.4, -0.000, 0.000, 0.000
1497890945.6, 52.5457483, 13.3555300, 48.4, 0.000, 0.000, 0.000
1497890946.6, 52.5457483, 13.3555300, 48.4, 0.000, -0.000, 0.000
1497890947.6, 52.5457483, 13.3555300, 48.4, 0.000, 0.000, 0.000
No 3D fix available
1497890949.6, 52.5457483, 13.3555300, 48.4, 0.000, -0.000, 0.000
1497890950.6, 52.5457483, 13.3555283, 48.4, -0.000, -0.000, 0.000
1497890951.6, 52.5457483, 13.3555283, 48.4, 0.000, -0.000, 0.000
1497890952.6, 52.5457483, 13.3555283, 48.4, -0.000, -0.000, 0.000
No 3D fix available
1497890954.7, 52.5457483, 13.3555283, 48.4, -0.000, -0.000, 0.000
1497890955.7, 52.5457483, 13.3555283, 48.4, 0.000, -0.000, 0.000
1497890956.7, 52.5457483, 13.3555283, 48.4, 0.000, -0.000, 0.000
1497890957.7, 52.5457483, 13.3555283, 48.4, 0.000, -0.000, 0.000
No 3D fix available
1497890959.7, 52.5457483, 13.3555283, 48.4, -0.000, -0.000, 0.000
1497890960.7, 52.5457483, 13.3555283, 48.3, 0.000, 0.000, -0.100
1497890961.7, 52.5457483, 13.3555283, 48.3, -0.000, -0.000, 0.000
1497890962.7, 52.5457483, 13.3555267, 48.3, -0.000, -0.000, 0.000
No 3D fix available
1497890964.7, 52.5457483, 13.3555267, 48.3, -0.000, -0.000, 0.000
1497890965.7, 52.5457483, 13.3555267, 48.3, -0.000, -0.000, 0.000
1497890966.7, 52.5457483, 13.3555267, 48.3, 0.000, 0.000, 0.000
1497890967.7, 52.5457483, 13.3555267, 48.3, -0.000, -0.000, 0.000
1497890968.7, 52.5457483, 13.3555267, 48.3, 0.000, 0.000, 0.000
1497890969.7, 52.5457483, 13.3555267, 48.3, 0.000, -0.000, 0.000
1497890970.7, 52.5457483, 13.3555267, 48.3, 0.000, 0.000, 0.000
1497890971.7, 52.5457483, 13.3555267, 48.3, -0.000, -0.000, 0.000
1497890972.7, 52.5457467, 13.3555267, 48.2, -0.000, -0.000, -0.100
1497890973.7, 52.5457467, 13.3555267, 48.2, 0.000, 0.000, 0.000
1497890974.7, 52.5457467, 13.3555267, 48.2, 0.000, -0.000, 0.000
1497890975.7, 52.5457467, 13.3555250, 48.2, 0.000, -0.000, 0.000
1497890976.7, 52.5457467, 13.3555250, 48.2, 0.000, 0.000, 0.000
1497890977.7, 52.5457483, 13.3555250, 48.2, 0.000, -0.000, 0.000
1497890978.8, 52.5457483, 13.3555250, 48.2, -0.000, -0.000, 0.000
1497890979.8, 52.5457467, 13.3555250, 48.2, -0.000, 0.000, 0.000
1497890980.8, 52.5457467, 13.3555250, 48.2, 0.000, 0.000, 0.000
1497890981.8, 52.5457467, 13.3555250, 48.2, -0.000, -0.000, 0.000
1497890982.8, 52.5457467, 13.3555250, 48.2, -0.000, -0.000, 0.000
1497890983.8, 52.5457467, 13.3555250, 48.2, -0.000, -0.000, 0.000
1497890984.8, 52.5457467, 13.3555233, 48.2, 0.000, -0.000, 0.000
1497890985.8, 52.5457467, 13.3555233, 48.2, -0.000, -0.000, 0.000